ANNOSCOLASTICO;CODICESCUOLA;CODICEEDIFICIO;codicescuola;DENOMINAZIONEISTITUTORIFERIMENTO;DENOMINAZIONESCUOLA;INDIRIZZOSCUOLA;CAPSCUOLA;SCUOLABUS;TRASPORTIPUBBLICIURBANI;TRASPORTIPUBBLICIINTERURBANI;TRASPORTIFERROVIARI;MEZZIPRIVATI;TRASPORTODISABILI;PISTACICLABILE;ALTRO
202021;MIAA81902A;151460009;MIAA81902A;IC I.CALVINO;VIA S.UGUZZONE;VIA S.UGUZZONE 10;20145;NO;SI;NO;NO;NO;NO;NON DEFINITO;-
202021;MIIC8CB00V;151460423;MIIC8CB00V;ICS JACOPO BAROZZI/MILANO;ICS JACOPO BAROZZI/MILANO;VIA BOCCONI 17;20136;NO;NO;NO;NO;NO;NO;NON DEFINITO;-
202021;MIAA8C101X;151460013;MIAA8C101X;IC G. BORSI/MILANO;VIA APPENNINI;VIA APPENNINI 189;20151;NO;SI;NO;NO;SI;SI;NON DEFINITO;-
202021;MIMM8DF01T;151461143;MIMM8DF01T;IC SANDRO PERTINI/MILANO;VIA ASTURIE-VIA MANN;VIA THOMAS MANN 8;20162;NO;SI;SI;NO;SI;SI;NON DEFINITO;-
202021;MIMM8CR017;151461117;MIMM8CR017;IC SORELLE AGAZZI/ MILANO;GANDHI - RODARI;P.ZZA GASPARRI 6 - VIA GABBRO 6/A;20161;NO;SI;NO;NO;SI;NO;NON DEFINITO;-
202021;MIEE8DW042;151460437;MIEE8DW042;I.C. VIA DE ANDREIS /MILANO;VIA MELERI - MILANO;VIA MELERI 14;20138;SI;SI;SI;NO;SI;SI;NON DEFINITO;-
202021;MIMM8DE012;151460405;MIMM8DE012;IST. OMNICOMPRENSIVO MUSICALE;"SCUOLA MEDIA ""G.VERDI""";VIA CORRIDONI 34/36;20122;SI;SI;SI;NO;SI;SI;NON DEFINITO;-
202021;MIPS02201V;151461464;MIPS02201V;SALVADOR ALLENDE;SALVADOR ALLENDE;VIA U. DINI7;20141;NO;NO;NO;NO;SI;NO;NON DEFINITO;-
202021;MIAA8C401B;151460382;MIAA8C401B;IC L.CADORNA/MILANO;LUIGI CADORNA;VIA CARLO DOLCI 5;20148;NO;NO;NO;NO;NO;NO;NON DEFINITO;-
202021;MIEE8C1048;151460464;MIEE8C1048;IC G. BORSI/MILANO;I.NIEVO;VIA SILLA 150;20153;NO;SI;NO;NO;SI;NO;NON DEFINITO;-
202021;MIMM8DD016;151460442;MIMM8DD016;I.C. VIA GIACOSA 46/MILANO;CASA DEL SOLE;VIA GIACOSA 46;20127;NO;SI;NO;NO;NO;NO;NON DEFINITO;-
202021;MIEE8CT021;151460373;MIEE8CT021;IC VITTORIO LOCCHI/MILANO;DUCA DEGLI ABRUZZI;VIA CESARI 38;20162;NO;NO;NO;NO;NO;NO;NON DEFINITO;-
202021;MIIC8GH008;151461008;MIIC8GH008;G.B. PERASSO - MILANO;G.B. PERASSO - MILANO;VIA BOTTEGO 4;20132;SI;SI;NO;NO;SI;SI;NON DEFINITO;-
202021;MISL020003;151461565;MISL020003;"LICEO ARTISTICO ""CARAVAGGIO""";"LICEO ARTISTICO ""CARAVAGGIO""";VIA PRINETTI 47;20127;NO;SI;NO;NO;NO;NO;NON DEFINITO;-
202021;MIPS070007;151460951;MIPS070007;VITTORIO VENETO;VITTORIO VENETO;VIA DE VINCENTI 7;20148;SI;SI;SI;NO;SI;SI;NON DEFINITO;-
202021;MIMM8DD016;151461059;MIMM8DD016;I.C. VIA GIACOSA 46/MILANO;CASA DEL SOLE;VIA GIACOSA 46;20127;NO;SI;NO;NO;NO;NO;NON DEFINITO;-
202021;MIEE8CV02A;151460445;MIEE8CV02A;IC PAOLO E LARISSA PINI/MILANO;F.CRISPI;VIA SANT'ERLEMBARDO 4;20126;NO;NO;NO;NO;NO;NO;NON DEFINITO;-
202021;MIEE8DV013;151460376;MIEE8DV013;IC FRANCESCHI/MILANO;MURATORI E MENOTTI PIO;VIA E.MUZIO 5;20124;NO;SI;SI;SI;SI;SI;NON DEFINITO;-
202021;MIEE8C301R;151461113;MIEE8C301R;IC RICCARDO MASSA/MILANO;VIA BROCCHI - MILANO;VIA BROCCHI VIRGILIO5;20151;NO;NO;NO;NO;NO;NO;NON DEFINITO;-
202021;MIEE8CV019;151460446;MIEE8CV019;IC PAOLO E LARISSA PINI/MILANO;PAOLO E LARISSA PINI - MILANO;VIA STEFANARDO VIMERCATE14;20128;NO;SI;NO;NO;SI;SI;NON DEFINITO;-
202021;MIAA8F001X;151461547;MIAA8F001X;I.C. VIA GATTAMELATA 35/MILANO;GATTAMELATA/MILANO;VIA GATTAMELATA37;20149;NO;NO;NO;NO;NO;NO;NON DEFINITO;-
202021;MIEE8DW031;151460436;MIEE8DW031;I.C. VIA DE ANDREIS /MILANO;VIA DEC.AL VALOR CIVILE;VIA DEC.AL VALOR CIVILE 10;20138;SI;SI;SI;NO;SI;SI;NON DEFINITO;-
202021;MITD08201A;151461633;MITD08201A;GIORGI;GIORGI;VIALE LIGURIA 21;20143;NO;SI;NO;NO;NO;SI;NO;-
202021;MISL01000C;151461563;MISL01000C;LICEO ARTISTICO STATALE DI BRERA;LICEO ARTISTICO STATALE DI BRERA;VIA HAJECH 27;20129;NO;SI;SI;SI;SI;SI;NON DEFINITO;-
202021;MIEE8DW01V;151460435;MIEE8DW01V;I.C. VIA DE ANDREIS /MILANO;S.QUASIMODO;VIA MEZZOFANTI 23;20133;SI;SI;SI;NO;SI;SI;NON DEFINITO;-
202021;MIEE8GH01A;151462841;MIEE8GH01A;G.B. PERASSO - MILANO;BOTTEGO;VIA SAN MAMETE 11;20128;NO;SI;NO;NO;SI;NO;NON DEFINITO;-
202021;MIEE8D0032;151460397;MIEE8D0032;IC IQBAL MASIH/MILANO;VIA VALDAGNO 8;VIA VALDAGNO 8;20152;SI;SI;NO;NO;SI;SI;NON DEFINITO;-
202021;MIAA8F201G;151463350;MIAA8F201G;I.C. VIA LINNEO/MILANO;INFANZIA - MANTEGNA;VIA MANTEGNA 10;20154;NO;SI;NO;NO;SI;NO;NON DEFINITO;-
202021;MITD08251Q;151461633;MITD08251Q;GIORGI;GIORGI;VIALE LGURIA 21;20143;NO;SI;NO;NO;NO;SI;NO;-
202021;MIEE30100X;151460999;MIEE30100X;CONVITTO NAZ.LE LONGONE/ MILANO;CONVITTO NAZ.LE LONGONE/ MILANO;VIA DEGLI OLIVETANI9;20123;NO;NO;NO;NO;NO;NO;NON DEFINITO;-
202021;MISL01000C;151461576;MISL01000C;LICEO ARTISTICO STATALE DI BRERA;LICEO ARTISTICO STATALE DI BRERA;VIA HAJECH 27;20129;NO;SI;SI;SI;SI;NO;NON DEFINITO;-
202021;MIEE8DU028;151461010;MIEE8DU028;IC R.PEZZANI/MILANO;VIA PUGLIE;VIALE PUGLIE 4;20139;SI;SI;SI;SI;SI;SI;SI;-
202021;MITD026012;151461579;MITD026012;CREMONA;"ITE ""G.ZAPPA""-SEZ. ASS. I.I.S. CREMONA";VIALE MARCHE 71;20159;NO;SI;NO;NO;SI;NO;NO;-
202021;MIIC8FZ00D;151460396;MIIC8FZ00D;I.C.S. UMBERTO ECO;I.C.S. UMBERTO ECO;PIAZZA SICILIA 2;20146;NO;SI;NO;NO;SI;SI;NON DEFINITO;-
202021;MIEE8D101Q;151460361;MIEE8D101Q;IC RINNOVATA PIZZIGONI/MILANO;RINNOVATA PIZZIGONI-MILANO;VIA C.DA CASTELLO 10;20155;NO;NO;NO;NO;NO;NO;NON DEFINITO;-
202021;MIIC8FY00N;151460400;MIIC8FY00N;"I.C . ""NAZARIO SAURO""";"I.C . ""NAZARIO SAURO""";VIA VESPRI SICILIANI 75;20146;NO;SI;NO;NO;SI;SI;NON DEFINITO;-
202021;MIMM8CR017;151460358;MIMM8CR017;IC SORELLE AGAZZI/ MILANO;GANDHI - RODARI;P.ZZA GASPARRI 6 - VIA GABBRO 6/A;20161;NO;SI;NO;NO;SI;NO;NON DEFINITO;-
202021;MITD05701N;151461583;MITD05701N;NICOLA MORESCHI;NICOLA MORESCHI;VIALE SAN MICHELE DEL CARSO 25;20144;NO;SI;NO;NO;SI;NO;NON DEFINITO;-
202021;MIEE8DU028;151461082;MIEE8DU028;IC R.PEZZANI/MILANO;VIA PUGLIE;VIALE PUGLIE 4;20139;NO;SI;NO;NO;NO;NO;NON DEFINITO;-
202021;MIEE8D001X;151461014;MIEE8D001X;IC IQBAL MASIH/MILANO;VIA VITERBO - MILANO;VIA VITERBO 31;20152;NO;NO;NO;NO;NO;NO;NON DEFINITO;-
202021;MIPS05801N;151461497;MIPS05801N;PAOLO FRISI;PAOLO FRISI;VIA CARLO AMORETTI 63;20157;NO;SI;SI;SI;SI;SI;NO;-
202021;MIAA8AN012;151460414;MIAA8AN012;IC M.TERESA DI CALCUTTA/MILANO;"SCUOLA DELL'INFANZIA ""S. GIOVAN";VIA SORDELLO 7;20138;SI;SI;NO;NO;SI;SI;NON DEFINITO;-
202021;MICT719009;151462636;MICT719009;CPIA 5 MILANO;"C.T.P. C/O IST. COMPR.""CAVALIERI"" MILANO";VIA ANCO MARZIO 9;20123;NO;SI;SI;NO;SI;SI;NON DEFINITO;-
202021;MITD08101E;151461587;MITD08101E;"""P. VERRI""";"""P. VERRI""";VIA LATTANZIO 38;20137;NO;SI;NO;NO;SI;NO;NON DEFINITO;-
202021;MIPS058502;151460101;MIPS058502;PAOLO FRISI;"""FRISI""";VIA OTRANTO 1;20157;NO;SI;NO;NO;SI;SI;NO;-
202021;MIEE8D0021;151461015;MIEE8D0021;IC IQBAL MASIH/MILANO;VIA FORZE ARMATE 279;VIA FORZE ARMATE 279;20152;NO;NO;NO;NO;NO;NO;NON DEFINITO;-
202021;MIIC8CY00P;151460416;MIIC8CY00P;IC CAPPONI/MILANO;IC CAPPONI/MILANO;VIA PESTALOZZI 13;20143;NO;NO;NO;NO;NO;NO;NON DEFINITO;-
202021;MITD02201P;151461647;MITD02201P;SALVADOR ALLENDE;CUSTODI;VIA ULISSE DINI 7;20141;SI;SI;SI;NO;NO;NO;NO;-
202021;MIIC8FW002;151462658;MIIC8FW002;I.C. VIA ARCADIA - MILANO;I.C. VIA ARCADIA - MILANO;VIA DELL'ARCADIA 24;20142;SI;SI;NO;NO;SI;SI;NON DEFINITO;-
202021;MICT72000D;151463357;MICT72000D;CPIA 5 MILANO;"C.T.P. C/O IST. COMPR. ""HEINE"" MILANO";VIA HEINE 2;20141;NO;SI;NO;NO;NO;NO;NON DEFINITO;-
202021;MIEE8CZ02N;151462832;MIEE8CZ02N;IC NARCISI/MILANO;VIA PISA;VIA PISA 1;20147;NO;NO;NO;NO;NO;NO;NON DEFINITO;-
202021;MIIC8C1003;151463285;MIIC8C1003;IC G. BORSI/MILANO;IC G. BORSI/MILANO;VIA OJETTI 13;20151;NO;NO;NO;NO;NO;NO;NON DEFINITO;-
202021;MITD02301E;151463713;MITD02301E;IST.ISTR.SUP.G.CARDANO;I.T. COMM. E GEOM. DI VIA NATTA;VIA NATTA11;20151;NO;SI;NO;NO;SI;NO;NO;MM LAMPUGNANO
202021;MIIC8FX00T;151461096;MIIC8FX00T;I.C. VIA MOISE' LORIA;I.C. VIA MOISE' LORIA;VIA MOISE' LORIA 37;20144;NO;NO;NO;NO;NO;NO;NON DEFINITO;-
202021;MIEE8CZ03P;151462991;MIEE8CZ03P;IC NARCISI/MILANO;VIA ANEMONI;VIA ANEMONI 8;20147;NO;NO;NO;NO;NO;NO;NON DEFINITO;-
202021;MIEE8D4028;151462876;MIEE8D4028;I.C. VIA MANIAGO/MILANO;SCUOLA PRIMARIA B.MUNARI;VIA FELTRE 68/1;20134;SI;SI;SI;NO;SI;SI;NON DEFINITO;-
202021;MIIC8CW003;151463083;MIIC8CW003;IC Q.DI VONA-TITO SPERI/MILANO;IC Q.DI VONA-TITO SPERI/MILANO;VIA ANTONIO SACCHINI 34;20131;NO;SI;SI;NO;NO;NO;NON DEFINITO;-
202021;MITD02201P;151460111;MITD02201P;SALVADOR ALLENDE;CUSTODI;VIA ULISSE DINI 7;20141;NO;SI;NO;NO;NO;NO;NON DEFINITO;-
202021;MIMM8CH01V;151463426;MIMM8CH01V;IC CONFALONIERI/MILANO;R.GOVONE - PAVONI;VIA PEPE 40;20159;NO;NO;NO;NO;NO;NO;NON DEFINITO;-
202021;MICT71800D;151460417;MICT71800D;CPIA 5 MILANO;C.T.P. C/O I.C. VIA POLESINE MILANO;VIA POLESINE12;20139;NO;SI;NO;NO;NO;NO;NON DEFINITO;-
202021;MITF11000E;151462103;MITF11000E;ITT-LS MOLINARI;ITT-LS MOLINARI;VIA CRESCENZAGO 110;20132;NO;SI;SI;NO;SI;NO;NO;-
202021;MIRC102013;151461568;MIRC102013;DANIELE MARIGNONI - MARCO POLO;DANIELE MARIGNONI - MARCO POLO;VIA MELZI D'ERIL 9;20154;NO;SI;SI;NO;SI;NO;NON DEFINITO;-
202021;MICT71700N;151460434;MICT71700N;CPIA 5 MILANO;C.T.P. C/O I.C. VIALE MUGELLO 5 MI;VIALE MUGELLO 5;20137;NO;SI;SI;SI;SI;NO;NON DEFINITO;-
202021;MIIC8CX00V;151462825;MIIC8CX00V;IC FABIO FILZI/MILANO;IC FABIO FILZI/MILANO;VIA RAVENNA 15;20139;SI;SI;NO;NO;SI;SI;NON DEFINITO;-
202021;MIRC102013;151461503;MIRC102013;DANIELE MARIGNONI - MARCO POLO;DANIELE MARIGNONI - MARCO POLO;VIA MELZI D'ERIL 9;20154;NO;SI;NO;NO;SI;NO;NO;-
202021;MIEE8CZ01L;151462832;MIEE8CZ01L;IC NARCISI/MILANO;VIA DEI NARCISI - MILANO;VIA DEI NARCISI 2;20147;NO;NO;NO;NO;NO;NO;NON DEFINITO;-
202021;MITD02201P;151461464;MITD02201P;SALVADOR ALLENDE;CUSTODI;VIA ULISSE DINI 7;20141;NO;NO;NO;NO;SI;NO;NON DEFINITO;-
202021;MIIC8FV006;151463129;MIIC8FV006;I.C VIA PALMIERI - MILANO;I.C VIA PALMIERI - MILANO;VIA PALMIERI 24;20141;NO;SI;NO;NO;NO;NO;NON DEFINITO;-
202021;MIIC8CT00T;151460372;MIIC8CT00T;IC VITTORIO LOCCHI/MILANO;IC VITTORIO LOCCHI/MILANO;VIA PASSERINI4/8;20162;NO;NO;NO;NO;NO;NO;NON DEFINITO;-
202021;MITF11050X;151461600;MITF11050X;ITT-LS MOLINARI;MOLINARI;VIA CRESCENZAGO 110;20132;NO;SI;SI;NO;SI;NO;NO;-
202021;MIEE8CZ02N;151462003;MIEE8CZ02N;IC NARCISI/MILANO;VIA PISA;VIA PISA 1;20147;SI;NO;NO;NO;SI;SI;SI;-
202021;MICT714006;151460452;MICT714006;CPIA 5 MILANO;C.T.P. C/O IST. COMPR. VIA ZUARA7/9 MI;VIA ZUARA7/9;20146;SI;SI;SI;NO;SI;SI;NON DEFINITO;-
202021;MITD02201P;151460109;MITD02201P;SALVADOR ALLENDE;CUSTODI;VIA ULISSE DINI 7;20141;NO;SI;NO;NO;NO;NO;NON DEFINITO;-
202021;MIIC8CV007;151460446;MIIC8CV007;IC PAOLO E LARISSA PINI/MILANO;IC PAOLO E LARISSA PINI/MILANO;VIA STEFANARDO VIMERCATE14;20128;NO;SI;NO;NO;SI;SI;NON DEFINITO;-
202021;MITF10101R;151461647;MITF10101R;TORRICELLI;TORRICELLI;VIA U. DINI 7;20142;SI;SI;SI;NO;NO;NO;NO;-
202021;MIMM8C7013;151462979;MIMM8C7013;I.C. LUCIANO MANARA;BENEDETTO MARCELLO;VIA BENJAMIN CONSTANT 19;20153;NO;NO;NO;NO;NO;NO;NON DEFINITO;-
202021;MIMM8CF017;151465000;MIMM8CF017;IC C. CANTU'/MILANO;SABA;VIA DEL VOLGA 3;20161;NO;NO;NO;NO;NO;NO;NON DEFINITO;-
202021;MIEE8C7047;151461016;MIEE8C7047;I.C. LUCIANO MANARA;PRIMARIA EDUCAZIONE SPORT E MUSICA;VIA SAN GIUSTO 65;20153;NO;NO;NO;NO;NO;NO;NON DEFINITO;-
202021;MICT715002;151461017;MICT715002;CPIA 5 MILANO;C.T.P. C/O I.C. VIA CONSOLE MARCELLO MI;VIA CONSOLE MARCELLO 9;20156;SI;SI;SI;SI;SI;SI;NON DEFINITO;-
202021;MIIC8AN00D;151463422;MIIC8AN00D;IC M.TERESA DI CALCUTTA/MILANO;IC M.TERESA DI CALCUTTA/MILANO;VIA MONDOLFO 7;20138;NO;NO;NO;NO;NO;NO;NON DEFINITO;-
202021;MITD02201P;151460110;MITD02201P;SALVADOR ALLENDE;CUSTODI;VIA ULISSE DINI 7;20141;SI;SI;NO;NO;SI;SI;NON DEFINITO;-
202021;MIRC094019;151461494;MIRC094019;BERTARELLI - FERRARIS;I.I.S. BERTARELLI - FERRARIS;CORSO DI PORTA ROMANA 110;20122;NO;SI;NO;NO;SI;SI;NON DEFINITO;-
202021;MIMM8CH01V;151460371;MIMM8CH01V;IC CONFALONIERI/MILANO;R.GOVONE - PAVONI;VIA PEPE 40;20159;SI;NO;NO;NO;SI;NO;NON DEFINITO;-
202021;MITF11000E;151461600;MITF11000E;ITT-LS MOLINARI;ITT-LS MOLINARI;VIA CRESCENZAGO 110;20132;NO;SI;SI;NO;SI;NO;NO;-
202021;MIIC8CR006;151460358;MIIC8CR006;IC SORELLE AGAZZI/ MILANO;IC SORELLE AGAZZI/ MILANO;VIA GABBRO 6/A;20161;NO;SI;NO;NO;SI;NO;NON DEFINITO;-
202021;MIMM8CG013;151461116;MIMM8CG013;IC VIA SCIALOIA/MILANO;BUONARROTI;VIA SCIALOIA 21;20161;NO;SI;NO;NO;SI;NO;NON DEFINITO;-
202021;MICT71200E;151460371;MICT71200E;CPIA 5 MILANO;C.T.P. C/O S.M.S. PAVONI-GOVONE;VIA CRESPI 40;20158;SI;NO;NO;NO;SI;NO;NON DEFINITO;-
202021;MIEE8DS01G;151460378;MIEE8DS01G;IC PRIMO LEVI/MILANO;CARLO ZIMA E ANITA GARIBALDI;VIA ANSELMO DA BAGGIO 60;20153;NO;SI;NO;NO;SI;NO;NON DEFINITO;-
202021;MIIC823004;151461082;MIIC823004;I.C. MARCELLO CANDIA;I.C. MARCELLO CANDIA;VIA POLESINE12/14;20139;NO;SI;NO;NO;NO;NO;NON DEFINITO;-
202021;MIRC09451P;151461494;MIRC09451P;BERTARELLI - FERRARIS;I.I.S. BERTARELLI - FERRARIS;CORSO DI PORTA ROMANA110;20122;NO;SI;NO;NO;SI;SI;NON DEFINITO;-
202021;MIEE8CY02T;151460456;MIEE8CY02T;IC CAPPONI/MILANO;SCUOLA PRIMARIA DOMENICO MORO;VIA PESCARENICO 6;20142;NO;NO;NO;NO;NO;NO;NON DEFINITO;-
202021;MIIC8AF001;151461134;MIIC8AF001;IC TRILUSSA / MILANO;IC TRILUSSA / MILANO;VIA GRAF 74;20157;SI;SI;NO;NO;SI;SI;NON DEFINITO;-
202021;MIIC823004;151460418;MIIC823004;I.C. MARCELLO CANDIA;I.C. MARCELLO CANDIA;VIA POLESINE12/14;20139;NO;SI;NO;NO;SI;NO;NON DEFINITO;-
202021;MIIC8CS002;151461001;MIIC8CS002;IC DON ORIONE/MILANO;IC DON ORIONE/MILANO;VIA FABRIANO 4;20161;NO;SI;NO;NO;SI;SI;NON DEFINITO;-
202021;MICT71300A;151460442;MICT71300A;CPIA 5 MILANO;C.T.P. C/O I.C. VIA RUSSO 27 MI;VIA RUSSO 27;20127;NO;SI;NO;NO;NO;NO;NON DEFINITO;-
202021;MIMM8CD01G;151463124;MIMM8CD01G;IC P.THOUAR E L.GONZAGA/MILANO;TABACCHI;VIA TABACCHI 15 /A;20136;NO;NO;NO;NO;NO;NO;NON DEFINITO;-
202021;MIEE8DU017;151461009;MIEE8DU017;IC R.PEZZANI/MILANO;R.PEZZANI - MILANO;VIA MARTINENGO36;20139;SI;SI;NO;NO;SI;SI;NON DEFINITO;-
202021;MIIC82400X;151461090;MIIC82400X;IC G.GIUSTI E C.D'ASSISI/MILANO;IC G.GIUSTI E C.D'ASSISI/MILANO;VIA GIUSTI15;20154;NO;SI;NO;NO;SI;SI;NON DEFINITO;-
202021;MIEE8C6029;151460389;MIEE8C6029;"ICS ""ALDA MERINI""/MILANO";VIA PARETO - MILANO;VIA PARETO 26;20151;NO;NO;NO;NO;NO;NO;NON DEFINITO;-
202021;MIMM80901V;151463357;MIMM80901V;"IC ""E. MORANTE""/MILANO";MORANTE;VIA HEINE 2;20141;NO;SI;NO;NO;NO;NO;NON DEFINITO;-
202021;MIIC8AG00R;151461038;MIIC8AG00R;IC VIA VAL LAGARINA /MILANO;IC VIA VAL LAGARINA /MILANO;VIA VAL LAGARINA 44;20157;NO;SI;NO;SI;SI;SI;NON DEFINITO;-
202021;MITF10101R;151461629;MITF10101R;TORRICELLI;TORRICELLI;VIA U. DINI 7;20142;NO;SI;NO;NO;SI;NO;NON DEFINITO;-
202021;MIPS01000G;151461449;MIPS01000G;L.S. EINSTEIN;L.S. EINSTEIN;VIA EINSTEIN 3;20137;NO;SI;NO;NO;SI;NO;NON DEFINITO;-
202021;MIMM8CE01B;151461088;MIMM8CE01B;"IC ""G. PASCOLI""/MILANO";ACHILLE MAURI;VIA ANGELO MAURI 10;20144;NO;NO;SI;NO;NO;NO;NON DEFINITO;-
202021;MIIC8DQ00C;151461132;MIIC8DQ00C;I.C. LOCATELLI-QUASIMODO;I.C. LOCATELLI-QUASIMODO;VIA VEGLIA 80;20159;NO;SI;NO;NO;SI;NO;NON DEFINITO;-
202021;MIEE8C7025;151460379;MIEE8C7025;I.C. LUCIANO MANARA;C. POMA;VIA AIRAGHI 42;20153;NO;NO;NO;NO;NO;NO;NON DEFINITO;-
202021;MIEE8DQ02G;151460374;MIEE8DQ02G;I.C. LOCATELLI-QUASIMODO;LOCATELLI - MILANO;VIA VEGLIA 80;20159;NO;SI;SI;NO;SI;SI;NON DEFINITO;-
202021;MIEE8C7014;151461016;MIEE8C7014;I.C. LUCIANO MANARA;PRIMARIA LUCIANO MANARA;VIA LAMENNAIS20;20153;NO;NO;NO;NO;NO;NO;NON DEFINITO;-
202021;MIMM8AF012;151461134;MIMM8AF012;IC TRILUSSA / MILANO;I.C.STATALE TRILUSSA;VIA GRAF 74;20157;SI;SI;NO;NO;SI;SI;NON DEFINITO;-
202021;MIEE8DR01A;151461011;MIEE8DR01A;IC PASQUALE SOTTOCORNO/MILANO;P.SOTTOCORNO;VIA MONTE PIANA 11;20139;SI;SI;SI;SI;SI;SI;NON DEFINITO;-
202021;MIEE8C504G;151461037;MIEE8C504G;IC S.GIUSEPPE CALASANZIO/MILANO;PRO JUVENTUTE IST DON GNOCCHI;VIA GOZZADINI 7;20148;NO;NO;NO;NO;NO;NO;NON DEFINITO;-
202021;MIMM0CG003;151461100;MIMM0CG003;CPIA 5 MILANO;CPIA 5 MILANO;VIA PONTANO 43;20127;NO;NO;NO;NO;NO;NO;NON DEFINITO;-
202021;MIIC823004;151460417;MIIC823004;I.C. MARCELLO CANDIA;I.C. MARCELLO CANDIA;VIA POLESINE12/14;20139;NO;SI;NO;NO;NO;NO;NON DEFINITO;-
202021;MIMM8AG01T;151461130;MIMM8AG01T;IC VIA VAL LAGARINA /MILANO;VICO;VIA ORSINI FELICE 25;20157;NO;SI;NO;SI;SI;SI;NON DEFINITO;-
202021;MIMM8DA01P;151461048;MIMM8DA01P;LEONE TOLSTOJ;VIA ZUARA 7/MILANO;VIA ZUARA 7;20146;NO;NO;NO;NO;NO;NO;NON DEFINITO;-
202021;MIMM11300B;151462744;MIMM11300B;"SMS VIA VIVAIO ""PER CIECHI""";"SMS VIA VIVAIO ""PER CIECHI""";VIA VIVAIO 7;20122;NO;SI;NO;NO;SI;SI;NON DEFINITO;-
202021;MIMM8F201Q;151463349;MIMM8F201Q;I.C. VIA LINNEO/MILANO;VIA MOSCATI-MAMELI;VIA C.LINNEO 2;20145;NO;SI;NO;NO;SI;NO;NON DEFINITO;-
202021;MIEE8C6018;151463391;MIEE8C6018;"ICS ""ALDA MERINI""/MILANO";VIA MAGREGLIO;VIA MAGREGLIO 1;20151;NO;SI;NO;NO;SI;NO;NON DEFINITO;-
202021;MIIC81900C;151461118;MIIC81900C;IC I.CALVINO;IC I.CALVINO;VIA FRIGIA 4;20126;NO;SI;NO;NO;NO;NO;NON DEFINITO;-
202021;MIIS074005;151461947;MIIS074005;MARELLI;MARELLI;VIA LIVIGNO11;20158;NO;SI;NO;NO;SI;NO;NO;-
202021;MIEE8DQ01E;151460377;MIEE8DQ01E;I.C. LOCATELLI-QUASIMODO;G.RODARI;VIA BOTTELLI 3;20125;NO;NO;NO;NO;NO;NO;NON DEFINITO;-
202021;MIEE8B4012;151460440;MIEE8B4012;IC LUIGI GALVANI/MILANO;M.DI SAVOIA E C.BORROMEO;VIA FELICE CASATI 6;20123;NO;NO;NO;NO;NO;NO;NON DEFINITO;-
202021;MIIC8BD00X;151462667;MIIC8BD00X;MILANO SPIGA ROSSARICASTIGLIONI;MILANO SPIGA ROSSARICASTIGLIONI;VIA S. SPIRITO 21;20121;SI;SI;SI;SI;SI;SI;NON DEFINITO;-
202021;MIIS07700L;151461632;MIIS07700L;G. GALILEI - R. LUXEMBURG;G. GALILEI - R. LUXEMBURG;VIA PARAVIA 31;20148;NO;SI;NO;NO;SI;NO;NO;-
202021;MIIC82000L;151460467;MIIC82000L;IC BRUNO MUNARI/ MILANO;IC BRUNO MUNARI/ MILANO;VIA DEI SALICI 2;20152;NO;NO;NO;NO;NO;NO;NON DEFINITO;-
202021;MIIC8BD00X;151461053;MIIC8BD00X;MILANO SPIGA ROSSARICASTIGLIONI;MILANO SPIGA ROSSARICASTIGLIONI;VIA S. SPIRITO 21;20121;NO;NO;NO;NO;NO;NO;NON DEFINITO;-
202021;MIEE8B4023;151460366;MIEE8B4023;IC LUIGI GALVANI/MILANO;LUIGI GALVANI;VIA GALVANI 7;20124;NO;SI;SI;SI;SI;NO;NON DEFINITO;-
202021;MIPM11000D;151461443;MIPM11000D;CARLO TENCA;CARLO TENCA;BASTIONI PORTA VOLTA 16;20121;NO;SI;NO;NO;SI;NO;NON DEFINITO;-
202021;MIEE8CD01L;151460403;MIEE8CD01L;IC P.THOUAR E L.GONZAGA/MILANO;P.THOUAR E L.GONZAGA - MILANO;VIA BRUNACCI 2/4;20136;NO;NO;NO;NO;NO;NO;NON DEFINITO;-
202021;MIMM8F201Q;151461084;MIMM8F201Q;I.C. VIA LINNEO/MILANO;VIA MOSCATI-MAMELI;VIA C.LINNEO 2;20145;NO;NO;NO;NO;NO;NO;NON DEFINITO;-
202021;MIAA8CR013;151460001;MIAA8CR013;IC SORELLE AGAZZI/ MILANO;VIA CICCOTTI;VIA CICCOTTI 2;20161;NO;SI;NO;NO;SI;NO;NON DEFINITO;-
202021;MIIC8D4005;151463384;MIIC8D4005;I.C. VIA MANIAGO/MILANO;I.C. VIA MANIAGO/MILANO;VIA MANIAGO30;20134;SI;SI;NO;NO;SI;SI;NON DEFINITO;-
202021;MIIC8FT00E;151462677;MIIC8FT00E;I.C. P.ZA L.DA VINCI/MILANO;I.C. P.ZA L.DA VINCI/MILANO;PIAZZA LEONARDO DA VINCI 2;20133;SI;SI;SI;NO;SI;SI;NON DEFINITO;-
202021;MIIS059003;151462101;MIIS059003;"""ORIANI-MAZZINI"" MILANO";"""ORIANI-MAZZINI"" MILANO";VIA ZANTE 34;20138;NO;SI;NO;NO;SI;NO;NO;-
202021;MIRI094012;151463708;MIRI094012;BERTARELLI - FERRARIS;I.I.S. BERTARELLI - FERRARIS;CORSO DI PORTA ROMANA 110;20122;NO;SI;NO;SI;SI;NO;NO;-
202021;MIMM8F201Q;151462225;MIMM8F201Q;I.C. VIA LINNEO/MILANO;VIA MOSCATI-MAMELI;VIA C.LINNEO 2;20145;NO;NO;NO;NO;NO;NO;NON DEFINITO;-
202021;MIAA8CS01Q;151460356;MIAA8CS01Q;IC DON ORIONE/MILANO;SCUOLA STATALE DELL'INFANZIA DI;VIA ISEO 7;20161;NO;NO;SI;NO;SI;NO;NON DEFINITO;-
202021;MIIC8FU00A;151460441;MIIC8FU00A;I.C. GUIDO GALLI;I.C. GUIDO GALLI;VIALE ROMAGNA 16/18;20133;NO;SI;NO;NO;SI;NO;NON DEFINITO;-
202021;MIPS04301X;151461599;MIPS04301X;IS F.BESTA;"""BESTA""";VIA DON CALABRIA 16;20132;NO;SI;SI;NO;SI;NO;NO;-
202021;MIIS07200D;151461546;MIIS07200D;SEVERI - CORRENTI;SEVERI - CORRENTI;VIA ALCUINO 4;20149;NO;SI;SI;SI;SI;NO;NON DEFINITO;-
202021;MIMM8F101X;151461081;MIMM8F101X;F.S. CABRINI;E. DE MARCHI JUNIOR - T. GULLI;VIA CRIMEA 22;20147;NO;SI;NO;NO;NO;NO;NON DEFINITO;-
202021;MIMM8B4011;151460440;MIMM8B4011;IC LUIGI GALVANI/MILANO;S.M.S. S.GREGORIO - FARA;VIA SAN GREGORIO 5 - VIA FARA 32;20124;NO;NO;NO;NO;NO;NO;NON DEFINITO;-
202021;MIIC8BB008;151461052;MIIC8BB008;IC A. DIAZ/MILANO;IC A. DIAZ/MILANO;PIAZZA CARDINAL G.MASSAIA 2;20123;NO;SI;SI;NO;SI;NO;NON DEFINITO;-
202021;MIEE8FW025;151461046;MIEE8FW025;I.C. VIA ARCADIA - MILANO;VIA BARONI;VIA BARONI 73;20142;SI;SI;NO;NO;SI;SI;NON DEFINITO;-
202021;MIIC8FS00P;151461000;MIIC8FS00P;I.C. VIA DELLA COMMENDA /MILANO;I.C. VIA DELLA COMMENDA /MILANO;VIA DELLA COMMENDA 22 A;20122;NO;NO;NO;NO;NO;NO;NON DEFINITO;-
202021;MIPC110009;151463331;MIPC110009;E.SETTI CARRARO DALLA CHIESA C/O EDUC.;E.SETTI CARRARO DALLA CHIESA C/O EDUC.;VIA DELLA PASSIONE 12;20122;NO;SI;NO;NO;SI;NO;NO;-
202021;MIIS058007;151461524;MIIS058007;PAOLO FRISI;PAOLO FRISI;VIA OTRANTO 1;20157;NO;SI;NO;SI;SI;SI;NO;-
202021;MIPS37000T;151461249;MIPS37000T;"L.S.S. ""R.DONATELLI-B.PASCAL""";"L.S.S. ""R.DONATELLI-B.PASCAL""";VIALE CAMPANIA6 E VIA A.CORTI16;20133;SI;SI;SI;SI;SI;SI;NON DEFINITO;-
202021;MIPS02301P;151463713;MIPS02301P;IST.ISTR.SUP.G.CARDANO;G.CARDANO;VIA NATTA11;20151;NO;SI;NO;NO;SI;NO;NO;MM LAMPUGNANO
202021;MIEE8DX01P;151460434;MIEE8DX01P;IC CINQUE GIORNATE/MILANO;CINQUE GIORNATE - MILANO;VIA MUGELLO 5;20137;NO;SI;SI;SI;SI;NO;NON DEFINITO;-
202021;MIMM8F201Q;151461000;MIMM8F201Q;I.C. VIA LINNEO/MILANO;VIA MOSCATI-MAMELI;VIA C.LINNEO 2;20145;NO;NO;NO;NO;NO;NO;NON DEFINITO;-
202021;MIIC8FT00E;151460432;MIIC8FT00E;I.C. P.ZA L.DA VINCI/MILANO;I.C. P.ZA L.DA VINCI/MILANO;PIAZZA LEONARDO DA VINCI 2;20133;NO;NO;NO;NO;NO;NO;NON DEFINITO;-
202021;MIPS039018;151461484;MIPS039018;BERTRAND RUSSELL;BERTRAND RUSSELL;VIA FRANCESCO GATTI 16;20162;NO;SI;NO;NO;SI;NO;NON DEFINITO;-
202021;MIIS059003;151461633;MIIS059003;"""ORIANI-MAZZINI"" MILANO";"""ORIANI-MAZZINI"" MILANO";VIA ZANTE 34;20138;NO;SI;NO;NO;NO;SI;NO;-
202021;MIPS026016;151461452;MIPS026016;CREMONA;"L. S."" L.CREMONA"" -SEZ. ASS. IIS CREMONA";VIALE MARCHE 73;20159;NO;SI;NO;NO;SI;NO;NO;-
202021;MIPS37000T;151461474;MIPS37000T;"L.S.S. ""R.DONATELLI-B.PASCAL""";"L.S.S. ""R.DONATELLI-B.PASCAL""";VIALE CAMPANIA6 E VIA A.CORTI16;20133;SI;SI;NO;NO;SI;SI;NON DEFINITO;-
202021;MIMM8BD011;151461053;MIMM8BD011;MILANO SPIGA ROSSARICASTIGLIONI;ICS MILANO SPIGA (PARINI SMS);VIA S.SPIRITO 21;20121;NO;NO;NO;NO;NO;NO;NON DEFINITO;-
202021;MIEE8DY01E;151461018;MIEE8DY01E;IC S.AMBROGIO/MILANO;DE NICOLA - MILANO;VIA DE NICOLA 2;20142;NO;SI;NO;NO;NO;NO;NON DEFINITO;-
202021;MIEE8FV029;151460453;MIEE8FV029;I.C VIA PALMIERI - MILANO;C.PERONI;VIA SAN GIACOMO 1;20142;NO;SI;SI;NO;SI;NO;NON DEFINITO;-
202021;MIRI077018;151461557;MIRI077018;G. GALILEI - R. LUXEMBURG;ROSA LUXEMBURG;VIA ULIVI6;20152;NO;SI;NO;NO;SI;NO;NO;-
202021;MIMM8F101X;151461070;MIMM8F101X;F.S. CABRINI;E. DE MARCHI JUNIOR - T. GULLI;VIA CRIMEA 22;20147;NO;SI;NO;NO;NO;NO;NON DEFINITO;-
202021;MIIS058007;151460101;MIIS058007;PAOLO FRISI;PAOLO FRISI;VIA OTRANTO 1;20157;NO;SI;NO;NO;SI;SI;NO;-
202021;MIMM8BD011;151462667;MIMM8BD011;MILANO SPIGA ROSSARICASTIGLIONI;ICS MILANO SPIGA (PARINI SMS);VIA S.SPIRITO 21;20121;SI;SI;SI;SI;SI;SI;NON DEFINITO;-
202021;MIEE8FW014;151462645;MIEE8FW014;I.C. VIA ARCADIA - MILANO;VIA DELL'ARCADIA - MILANO;VIA DELL'ARCADIA;20142;SI;SI;NO;NO;SI;SI;NON DEFINITO;-
202021;MIRC08000A;151461510;MIRC08000A;CAVALIERI;CAVALIERI;VIA OLONA14;20123;NO;SI;NO;NO;SI;NO;NON DEFINITO;-
202021;MIPC05000V;151461083;MIPC05000V;BERCHET;BERCHET;VIA DELLA COMMENDA26;20122;NO;SI;NO;NO;SI;NO;NON DEFINITO;-
202021;MIIS058007;151461497;MIIS058007;PAOLO FRISI;PAOLO FRISI;VIA OTRANTO 1;20157;NO;SI;SI;SI;SI;SI;NO;-
202021;MIMM8BB019;151461052;MIMM8BB019;IC A. DIAZ/MILANO;"SCUOLA MEDIA ""L.BELTRAMI""";PIAZZA CARDINAL G.MASSAIA 2 MILANO;20123;NO;SI;SI;NO;SI;NO;NON DEFINITO;-
202021;MIPS02201V;151461647;MIPS02201V;SALVADOR ALLENDE;SALVADOR ALLENDE;VIA U. DINI7;20141;SI;SI;SI;NO;NO;NO;NO;-
202021;MIIS102004;151461568;MIIS102004;DANIELE MARIGNONI - MARCO POLO;DANIELE MARIGNONI - MARCO POLO;VIA MELZI D'ERIL 9;20154;NO;SI;SI;NO;SI;NO;NON DEFINITO;-
202021;MIEE8FU03E;151460441;MIEE8FU03E;I.C. GUIDO GALLI;NOLLI ARQUATI;VIALE ROMAGNA 16/18;20133;NO;SI;NO;NO;SI;NO;NON DEFINITO;-
202021;MIEE8FU02D;151460448;MIEE8FU02D;I.C. GUIDO GALLI;BONETTI;VIA TAJANI 12;20133;NO;SI;NO;NO;SI;NO;NON DEFINITO;-
202021;MIIS09300E;151460106;MIIS09300E;MARIE CURIE - PIERO SRAFFA;MARIE CURIE - PIERO SRAFFA;VIA F.LLI ZOIA 130;20153;NO;SI;NO;NO;NO;NO;NON DEFINITO;-
202021;MIEE8FV018;151463129;MIEE8FV018;I.C VIA PALMIERI - MILANO;C. BATTISTI - MILANO;VIA PALMIERI 24;20141;NO;SI;NO;NO;NO;NO;NON DEFINITO;-
202021;MIRC079017;151461521;MIRC079017;"I.I.S. ""CATERINA DA SIENA""";"I.P.S. ""CATERINA DA SIENA""";VIALE LOMBARDIA 89;20131;NO;SI;NO;NO;SI;NO;NO;-
202021;MIPM050003;151461446;MIPM050003;LICEO STATALE VIRGILIO;LICEO STATALE VIRGILIO;PIAZZA ASCOLI 2;20129;NO;NO;SI;NO;SI;NO;NON DEFINITO;-
202021;MIIS09300E;151460107;MIIS09300E;MARIE CURIE - PIERO SRAFFA;MARIE CURIE - PIERO SRAFFA;VIA F.LLI ZOIA 130;20153;SI;SI;NO;NO;NO;NO;NON DEFINITO;-
202021;MIMM8CB01X;151462741;MIMM8CB01X;ICS JACOPO BAROZZI/MILANO;CONFALONIERI;VIA VITTADINI 10;20136;SI;SI;NO;NO;SI;SI;NON DEFINITO;-
202021;MIMM8B9014;151461085;MIMM8B9014;IC E.MOROSINI E B.SAVOIA/MILANO;MANARA CARMELITA;VIA BEZZECCA 20;20135;NO;SI;NO;NO;SI;NO;NON DEFINITO;-
202021;MIIC8CE00A;151460392;MIIC8CE00A;"IC ""G. PASCOLI""/MILANO";"IC ""G. PASCOLI""/MILANO";VIA RASORI 19;20145;NO;SI;NO;NO;NO;NO;NON DEFINITO;-
202021;MIPS10101P;151461629;MIPS10101P;TORRICELLI;EVANGELISTA TORRICELLI;VIA ULISSE DINI 7;20142;NO;SI;NO;NO;SI;NO;NON DEFINITO;-
202021;MITF093013;151463709;MITF093013;MARIE CURIE - PIERO SRAFFA;MARIE CURIE;VIA F.LLI ZOIA 130;20153;NO;SI;NO;NO;SI;NO;NON DEFINITO;-
202021;MIIS079008;151461521;MIIS079008;"I.I.S. ""CATERINA DA SIENA""";"I.I.S. ""CATERINA DA SIENA""";VIALE LOMBARDIA 89;20131;NO;SI;NO;NO;SI;NO;NO;-
202021;MIRC08000A;151461509;MIRC08000A;CAVALIERI;CAVALIERI;VIA OLONA14;20123;NO;SI;NO;NO;SI;NO;NON DEFINITO;-
202021;MIEE8FT01L;151462677;MIEE8FT01L;I.C. P.ZA L.DA VINCI/MILANO;P.ZA LEONARDO DA VINCI;PIAZZA LEONARDO DA VINCI 2;20133;SI;SI;SI;NO;SI;SI;NON DEFINITO;-
202021;MIIC8CG002;151461116;MIIC8CG002;IC VIA SCIALOIA/MILANO;IC VIA SCIALOIA/MILANO;VIA SCIALOIA 21;20161;NO;SI;NO;NO;SI;NO;NON DEFINITO;-
202021;MIIC8CF006;151460359;MIIC8CF006;IC C. CANTU'/MILANO;IC C. CANTU'/MILANO;VIA DEI BRASCHI 12;20161;NO;SI;NO;SI;SI;NO;NON DEFINITO;-
202021;MIIS081008;151461587;MIIS081008;"""P. VERRI""";"""P. VERRI""";VIA LATTANZIO 38;20137;NO;SI;NO;NO;SI;NO;NON DEFINITO;-
202021;MIEE8AN03N;151460413;MIEE8AN03N;IC M.TERESA DI CALCUTTA/MILANO;"""GUIDO UCELLI DI NEMI";VIA UCELLI DI NEMI 54;20138;NO;SI;NO;NO;NO;NO;NON DEFINITO;-
202021;MIEE8FU01C;151460430;MIEE8FU01C;I.C. GUIDO GALLI;E.TOTI;VIA CIMA 15;20134;SI;SI;NO;NO;SI;SI;NON DEFINITO;-
202021;MIEE8AF013;151461134;MIEE8AF013;IC TRILUSSA / MILANO;I.C. STATALE TRILUSSA;VIA GRAF 74;20157;SI;SI;NO;NO;SI;SI;NON DEFINITO;-
202021;MIRC07701G;151461632;MIRC07701G;G. GALILEI - R. LUXEMBURG;GALILEI;VIA PARAVIA 31;20148;NO;SI;NO;NO;SI;NO;NO;-
202021;MITF093013;151460106;MITF093013;MARIE CURIE - PIERO SRAFFA;MARIE CURIE;VIA F.LLI ZOIA 130;20153;NO;SI;NO;NO;NO;NO;NON DEFINITO;-
202021;MIMM8B701C;151463584;MIMM8B701C;IC PISACANE E POERIO/MILANO;LOCATELLI - ORIANI;VIA PISACANE 13;20129;NO;NO;NO;NO;NO;NO;NON DEFINITO;-
202021;MIIC814009;151462636;MIIC814009;IC CAVALIERI/MILANO;IC CAVALIERI/MILANO;VIA ANCO MARZIO 9;20123;NO;SI;SI;NO;SI;SI;NON DEFINITO;-
202021;MIEE8C401L;151460383;MIEE8C401L;IC L.CADORNA/MILANO;M.L.KING;P.ZZA SANTA MARIA NASCENTE30;20148;NO;NO;NO;NO;NO;NO;NON DEFINITO;-
202021;MITF093013;151460107;MITF093013;MARIE CURIE - PIERO SRAFFA;MARIE CURIE;VIA F.LLI ZOIA 130;20153;SI;SI;NO;NO;NO;NO;NON DEFINITO;-
202021;MIIC8CD00E;151463124;MIIC8CD00E;IC P.THOUAR E L.GONZAGA/MILANO;IC P.THOUAR E L.GONZAGA/MILANO;VIA TABACCHI 15/A;20136;NO;NO;NO;NO;NO;NO;NON DEFINITO;-
202021;MIEE8AN01G;151460412;MIEE8AN01G;IC M.TERESA DI CALCUTTA/MILANO;LARGO GUERRIERI GONZAGA-MILANO;LARGO GUERRIERI GONZAGA 4;20138;SI;SI;NO;NO;SI;NO;NON DEFINITO;-
202021;MIMM8B8018;151460410;MIMM8B8018;IC TOMMASO GROSSI/MILANO;TITO LIVIO;MONTE VELINO 2;20137;NO;SI;NO;NO;NO;SI;NON DEFINITO;-
202021;MIEE8DG03R;151461007;MIEE8DG03R;IC ARBE ZARA/MILANO;C.POERIO;VIA PIANELL 40;20126;NO;SI;NO;NO;NO;NO;NON DEFINITO;-
202021;MIEE8FS01R;151460406;MIEE8FS01R;I.C. VIA DELLA COMMENDA /MILANO;C.PORTA - G.AGNESI;VIA QUADRONNO 32;20122;NO;SI;NO;NO;SI;SI;NON DEFINITO;-
202021;MIEE8AN02L;151460414;MIEE8AN02L;IC M.TERESA DI CALCUTTA/MILANO;S.GIOVANNI BOSCO;VIA SORDELLO 7;20138;SI;SI;NO;NO;SI;SI;NON DEFINITO;-
202021;MIEE8C402N;151460382;MIEE8C402N;IC L.CADORNA/MILANO;L.CADORNA - MILANO;VIA DOLCI 5;20148;NO;NO;NO;NO;NO;NO;NON DEFINITO;-
202021;MITF08201L;151461633;MITF08201L;GIORGI;GIORGI;VIALE LIGURIA21;20143;NO;SI;NO;NO;NO;SI;NO;-
202021;MIAA8CG02X;151460338;MIAA8CG02X;IC VIA SCIALOIA/MILANO;VIA SCIALOIA;VIA SCIALOIA 15;20161;NO;SI;NO;NO;SI;NO;NON DEFINITO;-
202021;MIEE8CF018;151460359;MIEE8CF018;IC C. CANTU'/MILANO;C.CANTU' - MILANO;VIA DEI BRASCHI 12;20161;NO;SI;NO;SI;SI;NO;NON DEFINITO;-
202021;MIEE8C302T;151460457;MIEE8C302T;IC RICCARDO MASSA/MILANO;VIA QUARENGHI;VIA QUARENGHI 10;20151;NO;NO;NO;NO;NO;NO;NON DEFINITO;-
202021;MIMM8FP01V;151462989;MIMM8FP01V;I.C. ERMANNO OLMI;VIA MAFFUCCI;VIA MAFFUCCI 60;20158;NO;NO;NO;NO;NO;NO;NON DEFINITO;-
202021;MIEE8CE02D;151460393;MIEE8CE02D;"IC ""G. PASCOLI""/MILANO";F.LLI RUFFINI;VIA RUFFINI 4/6;20123;NO;SI;NO;NO;SI;NO;NON DEFINITO;-
202021;MIEE8AG01V;151461038;MIEE8AG01V;IC VIA VAL LAGARINA /MILANO;VIA VAL LAGARINA - MILANO;VIA VAL LAGARINA 44;20157;NO;SI;NO;SI;SI;SI;NON DEFINITO;-
202021;MITF082512;151461633;MITF082512;GIORGI;GIORGI;VIALE LIGURIA21;20143;NO;SI;NO;NO;NO;SI;NO;-
202021;MIEE8DF031;151461005;MIEE8DF031;IC SANDRO PERTINI/MILANO;G.PIRELLI;VIA GOFFREDO DA BUSSERO 9;20162;NO;NO;NO;NO;NO;NO;NON DEFINITO;-
202021;MIPM03000T;151460404;MIPM03000T;AGNESI;AGNESI;VIA TABACCHI 17;20136;SI;SI;SI;SI;SI;SI;NO;-
202021;MIEE8C303V;151460458;MIEE8C303V;IC RICCARDO MASSA/MILANO;VIA DELLE ANDE;VIA DELLE ANDE 4;20151;NO;NO;NO;NO;NO;NO;NON DEFINITO;-
202021;MIEE8CF029;151460360;MIEE8CF029;IC C. CANTU'/MILANO;ANNA FRANK;VIA DORA BALTEA 16;20161;NO;SI;NO;SI;SI;NO;NON DEFINITO;-
202021;MIEE8DF01V;151461004;MIEE8DF01V;IC SANDRO PERTINI/MILANO;SANDRO PERTINI;VIA THOMAS MANN 8;20162;NO;SI;SI;NO;SI;SI;NON DEFINITO;-
202021;MIEE8GH02B;151461008;MIEE8GH02B;G.B. PERASSO - MILANO;G.B.PERASSO - MILANO;VIA BOTTEGO 4;20132;SI;SI;NO;NO;SI;SI;NON DEFINITO;-
202021;MIEE8AG02X;151463121;MIEE8AG02X;IC VIA VAL LAGARINA /MILANO;GHERARDINI;VIA CITTADINI 9;20157;NO;NO;NO;NO;NO;NO;NON DEFINITO;-
202021;MIPM050003;151461106;MIPM050003;LICEO STATALE VIRGILIO;LICEO STATALE VIRGILIO;PIAZZA ASCOLI 2;20129;NO;SI;NO;NO;SI;NO;NON DEFINITO;-
202021;MIEE8DG01P;151460375;MIEE8DG01P;IC ARBE ZARA/MILANO;ARBE ZARA - MILANO;VIALE ZARA 96;20125;NO;SI;SI;NO;SI;NO;NON DEFINITO;-
202021;MIPM03000T;151461073;MIPM03000T;AGNESI;AGNESI;VIA TABACCHI 17;20136;NO;SI;SI;SI;SI;SI;NO;-
202021;MIAA8CF013;151460002;MIAA8CF013;IC C. CANTU'/MILANO;VIA DORA BALTEA;VIA DORA BALTEA 24;20161;NO;SI;NO;SI;SI;NO;NON DEFINITO;-
202021;MIEE8D303D;151461121;MIEE8D303D;I.C. A. SCARPA MILANO;VIA T.PINI - MILANO;VIA T.PINI3;20134;NO;SI;SI;SI;SI;NO;NON DEFINITO;-
202021;MIMM8F0014;151461066;MIMM8F0014;I.C. VIA GATTAMELATA 35/MILANO;COLORNI;VIA P.UCCELLO 1/A;20148;NO;NO;NO;NO;NO;NO;NON DEFINITO;-
202021;MIPC039015;151461484;MIPC039015;BERTRAND RUSSELL;OMERO;VIA FRANCESCO GATTI 16;20162;NO;SI;NO;NO;SI;NO;NON DEFINITO;-
202021;MIIC80900T;151463357;MIIC80900T;"IC ""E. MORANTE""/MILANO";"IC ""E. MORANTE""/MILANO";VIA HEINE 2;20141;NO;SI;NO;NO;NO;NO;NON DEFINITO;-
202021;MIEE8CD02N;151463124;MIEE8CD02N;IC P.THOUAR E L.GONZAGA/MILANO;PIOLTI DE BIANCHI GASPARA;VIA GENTILINO 14;20136;NO;NO;NO;NO;NO;NO;NON DEFINITO;-
202021;MIPC039015;151461469;MIPC039015;BERTRAND RUSSELL;OMERO;VIA FRANCESCO GATTI 16;20162;NO;SI;NO;NO;SI;NO;NON DEFINITO;-
202021;MIMM8DZ019;151461013;MIMM8DZ019;"IC.""ILARIA ALPI""MILANO";VIA SALERNO;VIA SALERNO 1;20142;NO;NO;NO;NO;NO;NO;NON DEFINITO;-
202021;MIAA8CG01V;151460337;MIAA8CG01V;IC VIA SCIALOIA/MILANO;VIA PELLEGRINO ROSSI;VIA PELLEGRINO ROSSI 17;20161;NO;SI;NO;NO;SI;NO;NON DEFINITO;-
202021;MIPC20000G;151462100;MIPC20000G;TITO LIVIO;TITO LIVIO;VIA CIRCO 4;20123;NO;SI;NO;NO;SI;NO;NON DEFINITO;-
202021;MIEE8DD028;151462847;MIEE8DD028;I.C. VIA GIACOSA 46/MILANO;VIA RUSSO - MILANO;VIA RUSSO 27;20127;NO;SI;NO;NO;NO;NO;NON DEFINITO;-
202021;MIPC040008;151461428;MIPC040008;BECCARIA;BECCARIA;VIA CARLO LINNEO5;20145;NO;SI;NO;NO;SI;NO;NO;-
202021;MIEE8CE01C;151460392;MIEE8CE01C;"IC ""G. PASCOLI""/MILANO";G.PASCOLI - MILANO;VIA RASORI 19;20145;NO;SI;NO;NO;NO;NO;NON DEFINITO;-
202021;MIEE8D4017;151460468;MIEE8D4017;I.C. VIA MANIAGO/MILANO;"SCUOLA PRIMARIA ""E. FERMI""";VIA CARNIA 32;20132;SI;SI;NO;NO;SI;SI;NON DEFINITO;-
202021;MIIS05100C;151461647;MIIS05100C;CLAUDIO VARALLI;CLAUDIO VARALLI;VIA ULISSE DINI 7;20142;SI;SI;SI;NO;NO;NO;NO;-
202021;MIEE8AF024;151460461;MIEE8AF024;IC TRILUSSA / MILANO;I.C. STATALE TRILUSSA;VIA A.GRAF 70;20157;SI;SI;NO;NO;SI;SI;NON DEFINITO;-
202021;MIEE8DE013;151460405;MIEE8DE013;IST. OMNICOMPRENSIVO MUSICALE;"""CUOCO-SASSI""";VIA CORRIDONI 34-36;20122;SI;SI;SI;NO;SI;SI;NON DEFINITO;-
202021;MIEE8D301B;151460447;MIEE8D301B;I.C. A. SCARPA MILANO;A.SCARPA - MILANO;VIA CLERICETTI 22;20133;SI;SI;NO;NO;SI;SI;NON DEFINITO;-
202021;MIEE8CS036;151460356;MIEE8CS036;IC DON ORIONE/MILANO;F.CARACCIOLO;VIA ISEO 7;20161;NO;NO;SI;NO;SI;NO;NON DEFINITO;-
202021;MIPC01000C;151461425;MIPC01000C;MANZONI;MANZONI;VIA ORAZIO 3;20123;NO;SI;NO;NO;SI;NO;NON DEFINITO;-
202021;MIMM824011;151461090;MIMM824011;IC G.GIUSTI E C.D'ASSISI/MILANO;PANZINI;VIA GIUSTI 15/A;20154;NO;SI;NO;NO;SI;SI;NON DEFINITO;-
202021;MIEE8D303D;151460431;MIEE8D303D;I.C. A. SCARPA MILANO;VIA T.PINI - MILANO;VIA T.PINI3;20134;SI;SI;SI;SI;SI;SI;NON DEFINITO;-
202021;MIIS05400X;151461634;MIIS05400X;GALVANI;GALVANI;VIA GATTI14;20162;NO;SI;SI;NO;SI;NO;NO;-
202021;MIEE8CT01X;151460372;MIEE8CT01X;IC VITTORIO LOCCHI/MILANO;VITTORIO LOCCHI - MILANO;VIA PASSERINI 4 8;20162;NO;NO;NO;NO;NO;NO;NON DEFINITO;-
202021;MIPC03000N;151461427;MIPC03000N;CARDUCCI;CARDUCCI;VIA BEROLDO9;20127;NO;SI;NO;NO;SI;NO;NO;-
202021;MIIS09900D;151461586;MIIS09900D;SCHIAPARELLI-GRAMSCI;SCHIAPARELLI-GRAMSCI;VIA L. SETTEMBRINI 4;20124;NO;SI;NO;NO;NO;NO;NON DEFINITO;-
202021;MIIS05100C;151460111;MIIS05100C;CLAUDIO VARALLI;CLAUDIO VARALLI;VIA ULISSE DINI 7;20142;NO;SI;NO;NO;NO;NO;NON DEFINITO;-
202021;MIPC170001;151461430;MIPC170001;PARINI;PARINI;VIA GOITO4;20121;NO;SI;NO;NO;SI;NO;NON DEFINITO;-
202021;MIEE824012;151461090;MIEE824012;IC G.GIUSTI E C.D'ASSISI/MILANO;G.GIUSTI E C.D'ASSISI - MILANO;VIA GIUSTI 15;20154;NO;SI;NO;NO;SI;SI;NON DEFINITO;-
202021;MIEE8CR05C;151460358;MIEE8CR05C;IC SORELLE AGAZZI/ MILANO;P.ZZA GASPARRI - MILANO;P.ZZA GASPARRI 6;20161;NO;SI;NO;NO;SI;NO;NON DEFINITO;-
202021;MIEE8D201G;151461017;MIEE8D201G;IC VIA CONSOLE MARCELLO/MILANO;VIA CONSOLE MARCELLO - MILANO;VIA CONSOLE MARCELLO 9;20156;SI;SI;SI;SI;SI;SI;NON DEFINITO;-
202021;MIIS05100C;151461584;MIIS05100C;CLAUDIO VARALLI;CLAUDIO VARALLI;VIA ULISSE DINI 7;20142;NO;SI;NO;NO;SI;NO;NO;-
202021;MIIS101008;151460109;MIIS101008;TORRICELLI;TORRICELLI;VIA U. DINI 7;20142;NO;SI;NO;NO;NO;NO;NON DEFINITO;-
202021;MIPS08000T;151461457;MIPS08000T;VOLTA;VOLTA;VIA BENEDETTO MARCELLO7;20124;NO;SI;NO;NO;SI;NO;SI;-
202021;MIEE824023;151460415;MIEE824023;IC G.GIUSTI E C.D'ASSISI/MILANO;CICERI VISCONTI;VIA PALERMO 79;20121;NO;SI;NO;NO;SI;SI;NON DEFINITO;-
202021;MIMM823015;151461125;MIMM823015;I.C. MARCELLO CANDIA;I.C. MARCELLO CANDIA;VIA MINCIO 21;20139;SI;SI;SI;NO;SI;SI;NON DEFINITO;-
202021;MIEE8CS014;151461001;MIEE8CS014;IC DON ORIONE/MILANO;DON ORIONE - MILANO;VIA FABRIANO 4;20161;NO;SI;NO;NO;SI;SI;NON DEFINITO;-
202021;MIEE8D202L;151460387;MIEE8D202L;IC VIA CONSOLE MARCELLO/MILANO;CAPPELLINI;VIA DE ROSSI 2;20156;SI;SI;SI;SI;SI;SI;NON DEFINITO;-
202021;MITD09301R;151463709;MITD09301R;MARIE CURIE - PIERO SRAFFA;PIERO SRAFFA;VIA FRATELLI ZOIA 130;20153;NO;SI;NO;NO;SI;NO;NON DEFINITO;-
202021;MIIS05100C;151460109;MIIS05100C;CLAUDIO VARALLI;CLAUDIO VARALLI;VIA ULISSE DINI 7;20142;NO;SI;NO;NO;NO;NO;NON DEFINITO;-
202021;MIEE823016;151460417;MIEE823016;I.C. MARCELLO CANDIA;I.C. MARCELLO CANDIA;VIA POLESINE 12/14;20139;NO;SI;NO;NO;NO;NO;NON DEFINITO;-
202021;MIPS08101P;151461587;MIPS08101P;"""P. VERRI""";"""P. VERRI""";VIA LATTANZIO 38;20137;NO;SI;NO;NO;SI;NO;NON DEFINITO;-
202021;MIEE8BD023;151460367;MIEE8BD023;MILANO SPIGA ROSSARICASTIGLIONI;IC MILANO SPIGA A. DA GIUSSANO;BASTIONI DI PORTA NUOVA 4;20121;NO;NO;NO;NO;NO;NO;NON DEFINITO;-
202021;MITA036016;151461598;MITA036016;"""VILFREDO FEDERICO PARETO""";"""VILFREDO FEDERICO PARETO";VIA LITTA MODIGLIANI 55;20161;NO;SI;NO;NO;SI;NO;NON DEFINITO;-
202021;MIIS05100C;151460110;MIIS05100C;CLAUDIO VARALLI;CLAUDIO VARALLI;VIA ULISSE DINI 7;20142;SI;SI;NO;NO;SI;SI;NON DEFINITO;-
202021;MIEE823027;151460418;MIEE823027;I.C. MARCELLO CANDIA;I.C. MARCELLO CANDIA;VIA VALLARSA 19;20139;NO;SI;NO;NO;SI;NO;NON DEFINITO;-
202021;MIPS070007;151461456;MIPS070007;VITTORIO VENETO;VITTORIO VENETO;VIA DE VINCENTI 7;20148;NO;SI;NO;NO;SI;NO;NON DEFINITO;-
202021;MIVC01000Q;151460999;MIVC01000Q;L. LONGONE;L. LONGONE;VIA DEGLI OLIVETANI 9;20123;NO;NO;NO;NO;NO;NO;NON DEFINITO;-
202021;MIEE8CR04B;151461003;MIEE8CR04B;IC SORELLE AGAZZI/ MILANO;VIA GABBRO;VIA GABBRO 6;20161;NO;SI;NO;NO;SI;NO;NON DEFINITO;-
202021;MITD09301R;151460106;MITD09301R;MARIE CURIE - PIERO SRAFFA;PIERO SRAFFA;VIA FRATELLI ZOIA 130;20153;NO;SI;NO;NO;NO;NO;NON DEFINITO;-
202021;MIPS07201X;151461546;MIPS07201X;SEVERI - CORRENTI;""" SEVERI """;VIA ALCUINO 4;20149;NO;SI;SI;SI;SI;NO;NON DEFINITO;-
202021;MITF070009;151460104;MITF070009;FELTRINELLI;FELTRINELLI;PIAZZA TITO LUCREZIO CARO8;20136;SI;SI;SI;NO;SI;NO;NO;-
202021;MIIS09300E;151463709;MIIS09300E;MARIE CURIE - PIERO SRAFFA;MARIE CURIE - PIERO SRAFFA;VIA F.LLI ZOIA 130;20153;NO;SI;NO;NO;SI;NO;NON DEFINITO;-
202021;MIVE01000P;151463331;MIVE01000P;EMANUELA SETTI CARRARO DALLA CHIESA;EMANUELA SETTI CARRARO DALLA CHIESA;VIA PASSIONE 12;20122;NO;SI;NO;NO;SI;NO;NO;-
202021;MIEE8C1026;151462710;MIEE8C1026;IC G. BORSI/MILANO;VIA CILEA - MILANO;VIA CILEA 12;20151;NO;SI;NO;NO;SI;SI;NON DEFINITO;-
202021;MITD09301R;151460107;MITD09301R;MARIE CURIE - PIERO SRAFFA;PIERO SRAFFA;VIA FRATELLI ZOIA 130;20153;SI;SI;NO;NO;NO;NO;NON DEFINITO;-
202021;MITF070009;151461630;MITF070009;FELTRINELLI;FELTRINELLI;PIAZZA TITO LUCREZIO CARO8;20136;NO;SI;NO;NO;SI;NO;NON DEFINITO;-
202021;MIIS09400A;151461494;MIIS09400A;BERTARELLI - FERRARIS;BERTARELLI - FERRARIS;CORSO DI PORTA ROMANA 110;20122;NO;SI;NO;NO;SI;SI;NON DEFINITO;-
202021;MITN102018;151461503;MITN102018;DANIELE MARIGNONI - MARCO POLO;DANIELE MARIGNONI-MARCO POLO;VIA MELZI D'ERIL 9;20154;NO;SI;NO;NO;SI;NO;NO;-
202021;MIEE8C1037;151460470;MIEE8C1037;IC G. BORSI/MILANO;VIA A.VISCONTI;VIA A.VISCONTI 16;20151;NO;NO;NO;NO;NO;NO;NON DEFINITO;-
202021;MIEE8BD012;151462667;MIEE8BD012;MILANO SPIGA ROSSARICASTIGLIONI;ICS MILANO SPIGA SPIGA;VIA DELLA SPIGA 29;20121;SI;SI;SI;SI;SI;SI;NON DEFINITO;-
202021;MIAA8CB01Q;151460355;MIAA8CB01Q;ICS JACOPO BAROZZI/MILANO;SCUOLA INFANZIA GIAMBOLOGNA;VIA GIAMBOLOGNA 30;20136;NO;NO;NO;NO;NO;NO;NON DEFINITO;-
202021;MIMM8DZ019;151461012;MIMM8DZ019;"IC.""ILARIA ALPI""MILANO";VIA SALERNO;VIA SALERNO 1;20142;NO;NO;NO;NO;NO;NO;NON DEFINITO;-
202021;MIPS070007;151460952;MIPS070007;VITTORIO VENETO;VITTORIO VENETO;VIA DE VINCENTI 7;20148;NO;SI;NO;NO;SI;NO;NON DEFINITO;-
202021;MITF05401C;151461634;MITF05401C;GALVANI;GALVANI;VIA GATTI14;20162;NO;SI;SI;NO;SI;NO;NO;-
202021;MITN102018;151461568;MITN102018;DANIELE MARIGNONI - MARCO POLO;DANIELE MARIGNONI-MARCO POLO;VIA MELZI D'ERIL 9;20154;NO;SI;SI;NO;SI;NO;NON DEFINITO;-
202021;MIEE8C1015;151462698;MIEE8C1015;IC G. BORSI/MILANO;G.BORSI - MILANO;VIA VISCONTINI 7;20151;NO;NO;NO;NO;NO;NO;NON DEFINITO;-
202021;MIEE8BB02B;151460409;MIEE8BB02B;IC A. DIAZ/MILANO;E.DE MARCHI;VIA SANT'ORSOLA 15;20123;NO;SI;NO;NO;SI;NO;NON DEFINITO;-
202021;MITF070009;151460103;MITF070009;FELTRINELLI;FELTRINELLI;PIAZZA TITO LUCREZIO CARO8;20136;SI;SI;NO;NO;SI;NO;NO;-
202021;MIMM8GH019;151461008;MIMM8GH019;G.B. PERASSO - MILANO;VIA BOTTEGO;VIA BOTTEGO 4;20128;SI;SI;NO;NO;SI;SI;NON DEFINITO;-
202021;MIEE8C1026;151462698;MIEE8C1026;IC G. BORSI/MILANO;VIA CILEA - MILANO;VIA CILEA 12;20151;NO;NO;NO;NO;NO;NO;NON DEFINITO;-
202021;MITF01701D;151461948;MITF01701D;I.I.S. JAMES CLERK MAXWELL;JAMES CLERK MAXWELL;VIA DON G. CALABRIA 2;20132;NO;SI;SI;NO;SI;NO;NO;-
202021;MIIC8CZ00E;151462832;MIIC8CZ00E;IC NARCISI/MILANO;IC NARCISI/MILANO;VIA DEI NARCISI 2;20147;NO;NO;NO;NO;NO;NO;NON DEFINITO;-
202021;MIMM8DX01N;151462826;MIMM8DX01N;IC CINQUE GIORNATE/MILANO;VIA CIPRO;VIA CIPRO 2;20137;NO;SI;SI;SI;NO;NO;NON DEFINITO;-
202021;MIMM8DW01T;151463420;MIMM8DW01T;I.C. VIA DE ANDREIS /MILANO;ASCOLI - FRANCESCO D'ASSISI;VIA DE ANDREIS 10;20137;SI;SI;SI;NO;SI;SI;NON DEFINITO;-
202021;MIIC8C7002;151461016;MIIC8C7002;I.C. LUCIANO MANARA;I.C. LUCIANO MANARA;VIA LAMENNAIS 20;20153;NO;NO;NO;NO;NO;NO;NON DEFINITO;-
202021;MIIC8D000T;151463707;MIIC8D000T;IC IQBAL MASIH/MILANO;IC IQBAL MASIH/MILANO;VIA BIANCA MILESI 4;20152;NO;NO;NO;NO;NO;NO;NON DEFINITO;-
202021;MIMM8DY01D;151462734;MIMM8DY01D;IC S.AMBROGIO/MILANO;S.AMBROGIO;VIA DE NICOLA 40;20142;NO;SI;NO;NO;NO;NO;NON DEFINITO;-
202021;MITF03801E;151461645;MITF03801E;GIUSEPPE LUIGI LAGRANGE;GIUSEPPE LUIGI LAGRANGE;VIA LITTA MODIGNANI65;20161;NO;SI;NO;NO;SI;NO;NO;-
202021;MIEE8BB01A;151460408;MIEE8BB01A;IC A. DIAZ/MILANO;A.DIAZ - MILANO;VIA CROCEFISSO 15;20122;NO;SI;NO;NO;SI;NO;NON DEFINITO;-
202021;MIEE8C0019;151460449;MIEE8C0019;IC LUIGI EINAUDI /MILANO;"SCUOLA ELEMENTARE ""L. EINAUDI""";VIA VAL D'INTELVI 11;20152;NO;SI;NO;NO;SI;NO;NON DEFINITO;-
202021;MIIC8C6006;151463386;MIIC8C6006;"ICS ""ALDA MERINI""/MILANO";"ICS ""ALDA MERINI""/MILANO";VIA GALLARATE 15;20151;NO;NO;NO;NO;NO;NO;NON DEFINITO;-
202021;MIMM8DV012;151462673;MIMM8DV012;IC FRANCESCHI/MILANO;FRANCESCHI;VIA CAGLIERO 20;20125;NO;NO;NO;NO;NO;NO;NON DEFINITO;-
202021;MITF01701D;151461644;MITF01701D;I.I.S. JAMES CLERK MAXWELL;JAMES CLERK MAXWELL;VIA DON G. CALABRIA 2;20132;NO;SI;SI;NO;SI;NO;NO;-
202021;MIMM82001N;151461068;MIMM82001N;IC BRUNO MUNARI/ MILANO;CESARE CORRENTI;VIA BETULLE 17;20152;NO;NO;NO;NO;NO;NO;NON DEFINITO;-
202021;MIIC8CY00P;151461080;MIIC8CY00P;IC CAPPONI/MILANO;IC CAPPONI/MILANO;VIA PESTALOZZI 13;20143;NO;NO;NO;NO;NO;NO;NON DEFINITO;-
202021;MIRA03601A;151461598;MIRA03601A;"""VILFREDO FEDERICO PARETO""";"I.P.A.A. (SEZ.AS.) ""V. F. PARETO""";VIA LITTA MODIGNANI 55;20161;NO;SI;NO;NO;SI;NO;NON DEFINITO;-
202021;MIEE8B9015;151462915;MIEE8B9015;IC E.MOROSINI E B.SAVOIA/MILANO;E.MOROSINI E B.SAVOIA-MILANO;VIA MOROSINI 11 13;20135;NO;SI;NO;NO;SI;NO;NON DEFINITO;A PIEDI
202021;MIIC8F200P;151461084;MIIC8F200P;I.C. VIA LINNEO/MILANO;I.C. VIA LINNEO/MILANO;VIA C.LINNEO 2;20145;NO;NO;NO;NO;NO;NO;NON DEFINITO;-
202021;MIMM8DW01T;151461051;MIMM8DW01T;I.C. VIA DE ANDREIS /MILANO;ASCOLI - FRANCESCO D'ASSISI;VIA DE ANDREIS 10;20137;SI;SI;SI;NO;NO;SI;NON DEFINITO;-
202021;MIIC8C6006;151463391;MIIC8C6006;"ICS ""ALDA MERINI""/MILANO";"ICS ""ALDA MERINI""/MILANO";VIA GALLARATE 15;20151;NO;SI;NO;NO;SI;NO;NON DEFINITO;-
202021;MIIS02200C;151460111;MIIS02200C;SALVADOR ALLENDE;SALVADOR ALLENDE;VIA U. DINI7;20141;NO;SI;NO;NO;NO;NO;NON DEFINITO;-
202021;MIIC8C500A;151460395;MIIC8C500A;IC S.GIUSEPPE CALASANZIO/MILANO;IC S.GIUSEPPE CALASANZIO/MILANO;PIAZZA AXUM 5;20148;NO;NO;NO;NO;NO;NO;NON DEFINITO;-
202021;MIIS04300D;151461599;MIIS04300D;IS F.BESTA;IS F.BESTA;VIA DON G.CALABRIA16;20132;NO;SI;SI;NO;SI;NO;NO;-
202021;MIEE8CB011;151460423;MIEE8CB011;ICS JACOPO BAROZZI/MILANO;J.BAROZZI- MILANO;VIA BOCCONI 17;20136;NO;NO;NO;NO;NO;NO;NON DEFINITO;-
202021;MIMM8DU016;151461069;MIMM8DU016;IC R.PEZZANI/MILANO;VIA MARTINENGO;VIA MARTINENGO 34/6;20139;SI;NO;NO;NO;SI;SI;NON DEFINITO;-
202021;MIPS16000D;151462101;MIPS16000D;"""G.MARCONI""";"""G.MARCONI""";VIA DEI NARCISI5;20147;NO;SI;NO;NO;SI;NO;NO;-
202021;MIMM81701T;151462938;MIMM81701T;IC TEODORO CIRESOLA/MILANO;T. CIRESOLA;VIALE BRIANZA 18;20127;NO;NO;NO;NO;NO;NO;NON DEFINITO;-
202021;MIEE8DD017;151462881;MIEE8DD017;I.C. VIA GIACOSA 46/MILANO;VIA GIACOSA - MILANO;VIA GIACOSA 46;20127;NO;NO;NO;NO;NO;NO;NON DEFINITO;-
202021;MIEE8C502D;151460394;MIEE8C502D;IC S.GIUSEPPE CALASANZIO/MILANO;G.L.RADICE - MILANO;VIA PARAVIA 83;20148;NO;SI;NO;NO;SI;NO;NON DEFINITO;-
202021;MIPS61000R;151461953;MIPS61000R;"LICEO STATALE MUSICALE ""G. VERDI""";"LICEO STATALE MUSICALE ""G. VERDI""";VIA CORRIDONI34/36;20122;NO;SI;NO;NO;SI;NO;NON DEFINITO;-
202021;MIIS02200C;151461464;MIIS02200C;SALVADOR ALLENDE;SALVADOR ALLENDE;VIA U. DINI7;20141;NO;NO;NO;NO;SI;NO;NON DEFINITO;-
202021;MIIC8C500A;151461089;MIIC8C500A;IC S.GIUSEPPE CALASANZIO/MILANO;IC S.GIUSEPPE CALASANZIO/MILANO;PIAZZA AXUM 5;20148;NO;NO;NO;NO;NO;NO;NON DEFINITO;-
202021;MIIC8F0003;151460386;MIIC8F0003;I.C. VIA GATTAMELATA 35/MILANO;I.C. VIA GATTAMELATA 35/MILANO;VIA GATTAMELATA 35;20149;NO;SI;NO;NO;SI;NO;NON DEFINITO;-
202021;MIPS18000P;151461468;MIPS18000P;ELIO VITTORINI;ELIO VITTORINI;VIA MARIO DONATI5/7;20146;NO;SI;NO;NO;SI;NO;NON DEFINITO;-
202021;MIEE8CB022;151460466;MIEE8CB022;ICS JACOPO BAROZZI/MILANO;G.ROMANO;VIA G.ROMANO 2;20135;NO;NO;NO;NO;NO;NO;NON DEFINITO;-
202021;MIEE8F201R;151463350;MIEE8F201R;I.C. VIA LINNEO/MILANO;F.APORTI - MILANO;VIA MANTEGNA 10;20154;NO;SI;NO;NO;SI;NO;NON DEFINITO;-
202021;MIMM8DU016;151464004;MIMM8DU016;IC R.PEZZANI/MILANO;VIA MARTINENGO;VIA MARTINENGO 34/6;20139;NO;NO;NO;NO;NO;NO;NON DEFINITO;-
202021;MITN09401E;151461494;MITN09401E;BERTARELLI - FERRARIS;I.I.S. BERTARELLI - FERRARIS;CORSO DI PORTA ROMANA 110;20122;NO;SI;NO;NO;SI;SI;NON DEFINITO;-
202021;MIEE8DD028;151461100;MIEE8DD028;I.C. VIA GIACOSA 46/MILANO;VIA RUSSO - MILANO;VIA RUSSO 27;20127;NO;NO;NO;NO;NO;NO;NON DEFINITO;-
202021;MIMM81901D;151461118;MIMM81901D;IC I.CALVINO;I. CALVINO;VIA FRIGIA 4;20126;NO;SI;NO;NO;NO;NO;NON DEFINITO;-
202021;MIEE82002Q;151460012;MIEE82002Q;IC BRUNO MUNARI/ MILANO;N.TOMMASEO;VIA MUGGIANO 14;20152;NO;NO;NO;NO;NO;NO;NON DEFINITO;-
202021;MIEE8C503E;151461036;MIEE8C503E;IC S.GIUSEPPE CALASANZIO/MILANO;VIA MONTE BALDO;VIA MONTE BALDO 11;20156;NO;SI;NO;NO;NO;NO;NON DEFINITO;-
202021;MIPS67000C;151460999;MIPS67000C;LICEO SCIENTIFICO L. LONGONE;LICEO SCIENTIFICO L. LONGONE;VIA OLIVETANI 9;20123;NO;NO;NO;NO;NO;NO;NON DEFINITO;-
202021;MIIS02200C;151460109;MIIS02200C;SALVADOR ALLENDE;SALVADOR ALLENDE;VIA U. DINI7;20141;NO;SI;NO;NO;NO;NO;NON DEFINITO;-
202021;MIIC8C300P;151461113;MIIC8C300P;IC RICCARDO MASSA/MILANO;IC RICCARDO MASSA/MILANO;VIA V.BROCCHI5 C/O VIA G.QUARENGHI 12;20151;NO;NO;NO;NO;NO;NO;NON DEFINITO;-
202021;MIEE8B802A;151460411;MIEE8B802A;IC TOMMASO GROSSI/MILANO;OTTOLINI BELGIOIOSO;VIA COLLETTA 49/51;20137;NO;SI;SI;NO;SI;NO;NON DEFINITO;-
202021;MIIC815005;151461048;MIIC815005;"IC ""CARDARELLI MASSAUA""-MILANO";"IC ""CARDARELLI MASSAUA""-MILANO";VIA SCROSATI 4;20146;NO;NO;NO;NO;NO;NO;NON DEFINITO;-
202021;MIIC8F100V;151460384;MIIC8F100V;F.S. CABRINI;F.S. CABRINI;VIA DELLE FORZE ARMATE 65;20147;SI;SI;NO;NO;SI;SI;NON DEFINITO;-
202021;MIAA8C702X;151460341;MIAA8C702X;I.C. LUCIANO MANARA;VIA LAMENNAIS;VIA LAMENNAIS 19;20153;NO;NO;NO;NO;NO;NO;NON DEFINITO;-
202021;MIEE8F202T;151463349;MIEE8F202T;I.C. VIA LINNEO/MILANO;P.MOSCATI E B.M.SFORZA;VIA MOSCATI 1;20154;NO;SI;NO;NO;SI;NO;NON DEFINITO;-
202021;MIMM8DR019;151463272;MIMM8DR019;IC PASQUALE SOTTOCORNO/MILANO;MEREZZATE;VIA MEDICI DEL VASCELLO 42;20138;NO;SI;NO;NO;SI;NO;NO;-
202021;MIEE8DD017;151462872;MIEE8DD017;I.C. VIA GIACOSA 46/MILANO;VIA GIACOSA - MILANO;VIA GIACOSA 46;20127;NO;NO;NO;NO;NO;NO;NON DEFINITO;-
202021;MIPS15000V;151461466;MIPS15000V;"""P. BOTTONI""";"""P. BOTTONI""";VIA MAC MAHON 96/98;20155;NO;SI;NO;NO;SI;NO;NO;-
202021;MIMM8FY01P;151462992;MIMM8FY01P;"I.C . ""NAZARIO SAURO""";"S.S I GRADO ""RINASCITA-A.LIVI""";VIA CARRIERA ROSALBA N? 12/14;20146;NO;NO;NO;NO;NO;NO;NON DEFINITO;-
202021;MIMM81401A;151462636;MIMM81401A;IC CAVALIERI/MILANO;CAVALIERI;VIA ANCO MARZIO 9;20123;NO;SI;SI;NO;SI;SI;NON DEFINITO;-
202021;MIIS038002;151461645;MIIS038002;GIUSEPPE LUIGI LAGRANGE;GIUSEPPE LUIGI LAGRANGE;VIA LITTA MODIGNANI65;20161;NO;SI;NO;NO;SI;NO;NO;-
202021;MITN094521;151461494;MITN094521;BERTARELLI - FERRARIS;I.I.S. BERTARELLI - FERRARIS;C.SO DI PORTA ROMANA 110;20122;NO;SI;NO;NO;SI;SI;NON DEFINITO;-
202021;MIIS02200C;151460110;MIIS02200C;SALVADOR ALLENDE;SALVADOR ALLENDE;VIA U. DINI7;20141;SI;SI;NO;NO;SI;SI;NON DEFINITO;-
202021;MIIC81700R;151462938;MIIC81700R;IC TEODORO CIRESOLA/MILANO;IC TEODORO CIRESOLA/MILANO;VIALE BRIANZA 18;20127;NO;NO;NO;NO;NO;NO;NON DEFINITO;-
202021;MIAA8C7031;151460342;MIAA8C7031;I.C. LUCIANO MANARA;VIA C.MARX;VIA C.MARX 2;20153;NO;NO;NO;NO;NO;NO;NON DEFINITO;-
202021;MIIC8C400E;151460382;MIIC8C400E;IC L.CADORNA/MILANO;IC L.CADORNA/MILANO;VIA DOLCI 5;20148;NO;NO;NO;NO;NO;NO;NON DEFINITO;-
202021;MIMM8DS01E;151464007;MIMM8DS01E;IC PRIMO LEVI/MILANO;PRIMO LEVI;VIA PISTOIA 30;20153;NO;NO;NO;NO;NO;NO;NON DEFINITO;-
202021;MIEE8F0015;151460386;MIEE8F0015;I.C. VIA GATTAMELATA 35/MILANO;PIETRO MICCA - MILANO;VIA GATTAMELATA 35;20149;NO;SI;NO;NO;SI;NO;NON DEFINITO;-
202021;MIEE8DD017;151462875;MIEE8DD017;I.C. VIA GIACOSA 46/MILANO;VIA GIACOSA - MILANO;VIA GIACOSA 46;20127;NO;NO;NO;NO;NO;NO;NON DEFINITO;-
202021;MIPS16000D;151461467;MIPS16000D;"""G.MARCONI""";"""G.MARCONI""";VIA DEI NARCISI5;20147;NO;SI;NO;NO;NO;NO;NO;-
202021;MIMM815016;151461048;MIMM815016;"IC ""CARDARELLI MASSAUA""-MILANO";CARDARELLI;VIA SCROSATI 4;20146;NO;NO;NO;NO;NO;NO;NON DEFINITO;-
202021;MITE01000V;151461599;MITE01000V;"""GIULIO NATTA""";"""GIULIO NATTA""";VIA DON GIOVANNI CALABRIA16;20132;NO;SI;SI;NO;SI;NO;NO;-
202021;MIMM8FZ01E;151461139;MIMM8FZ01E;I.C.S. UMBERTO ECO;MONTEVERDI;VIA V. COLONNA 42;20149;NO;NO;NO;NO;NO;NO;NON DEFINITO;-
202021;MIIS03900T;151461469;MIIS03900T;BERTRAND RUSSELL;BERTRAND RUSSELL;VIA GATTI 16;20162;NO;SI;NO;NO;SI;NO;NON DEFINITO;-
202021;MITN05101L;151461584;MITN05101L;CLAUDIO VARALLI;"""CLAUDIO VARALLI"" - MILANO";VIA ULISSE DINI 7;20142;NO;SI;NO;NO;SI;NO;NO;-
202021;MIEE81903L;151462837;MIEE81903L;IC I.CALVINO;MI/CARNOVALI AGGR. SMS CALVINO;VIA CARNOVALI 19;20128;NO;NO;NO;NO;NO;NO;NON DEFINITO;-
202021;MIEE8C501C;151460395;MIEE8C501C;IC S.GIUSEPPE CALASANZIO/MILANO;S. GIUSEPPE CALASANZIO-MILANO;VIA DON GNOCCHI 25;20148;NO;NO;NO;NO;NO;NO;NON DEFINITO;-
202021;MIIS017001;151461644;MIIS017001;I.I.S. JAMES CLERK MAXWELL;I.I.S. JAMES CLERK MAXWELL;VIA DON G. CALABRIA 2;20132;NO;SI;SI;NO;SI;NO;NO;-
202021;MIEE8F1011;151460384;MIEE8F1011;F.S. CABRINI;F.S.CABRINI - MILANO;VIA DELLE FORZE ARMATE 65;20147;SI;SI;NO;NO;SI;SI;NON DEFINITO;-
202021;MIEE8DD017;151462870;MIEE8DD017;I.C. VIA GIACOSA 46/MILANO;VIA GIACOSA - MILANO;VIA GIACOSA 46;20127;NO;SI;NO;NO;NO;NO;NON DEFINITO;-
202021;MITN05101L;151461647;MITN05101L;CLAUDIO VARALLI;"""CLAUDIO VARALLI"" - MILANO";VIA ULISSE DINI 7;20142;SI;SI;SI;NO;NO;NO;NO;-
202021;MIRI072015;151461546;MIRI072015;SEVERI - CORRENTI;C.CORRENTI;VIA ALCUINO 4;20149;NO;SI;SI;SI;SI;NO;NON DEFINITO;-
202021;MIEE82001P;151460467;MIEE82001P;IC BRUNO MUNARI/ MILANO;FRATELLI CERVI;VIA DEI SALICI 2;20152;NO;NO;NO;NO;NO;NO;NON DEFINITO;-
202021;MITN02000X;151463710;MITN02000X;PIER PAOLO PASOLINI;PIER PAOLO PASOLINI;VIA BISTOLFI15;20134;NO;SI;NO;NO;SI;NO;NON DEFINITO;-
202021;MIAA8C701V;151460003;MIAA8C701V;I.C. LUCIANO MANARA;VIA AIRAGHI;VIA AIRAGHI 40;20153;NO;NO;NO;NO;NO;NO;NON DEFINITO;-
202021;MIMM8FX01V;151461096;MIMM8FX01V;I.C. VIA MOISE' LORIA;CARLO PORTA;VIA MOISE' LORIA 37;20144;NO;NO;NO;NO;NO;NO;NON DEFINITO;-
202021;MIMM8B601L;151460444;MIMM8B601L;IC A.STOPPANI/MILANO;S. CATERINA DA SIENA;VIA MONTEVERDI 6;20131;NO;SI;SI;NO;SI;SI;NON DEFINITO;-
202021;MIEE8DD017;151462871;MIEE8DD017;I.C. VIA GIACOSA 46/MILANO;VIA GIACOSA - MILANO;VIA GIACOSA 46;20127;NO;NO;NO;NO;NO;NO;NON DEFINITO;-
202021;MIIS038002;151460112;MIIS038002;GIUSEPPE LUIGI LAGRANGE;GIUSEPPE LUIGI LAGRANGE;VIA LITTA MODIGNANI65;20161;NO;SI;NO;NO;SI;NO;NO;-
202021;MIEE81901E;151460429;MIEE81901E;IC I.CALVINO;MI-MATTEI AGGR. S.M.S. CALVINO;VIA MATTEI12;20126;NO;SI;NO;SI;NO;NO;NON DEFINITO;-
202021;MIEE8DD017;151462868;MIEE8DD017;I.C. VIA GIACOSA 46/MILANO;VIA GIACOSA - MILANO;VIA GIACOSA 46;20127;NO;SI;NO;NO;NO;NO;NON DEFINITO;-
202021;MIRI07401R;151461947;MIRI07401R;MARELLI;"IIS ""MARELLI-DUDOVICH""";VIA LIVIGNO 11;20158;NO;SI;NO;NO;SI;NO;NO;-
202021;MITD09901Q;151461586;MITD09901Q;SCHIAPARELLI-GRAMSCI;SCHIAPARELLI;VIA SETTEMBRINI 4;20124;NO;SI;NO;NO;NO;NO;NON DEFINITO;-
202021;MIIC8DE001;151460405;MIIC8DE001;IST. OMNICOMPRENSIVO MUSICALE;IST. OMNICOMPRENSIVO MUSICALE;VIA CORRIDONI 34/36;20122;SI;SI;SI;NO;SI;SI;NON DEFINITO;-
202021;MIMM8D4016;151463384;MIMM8D4016;I.C. VIA MANIAGO/MILANO;BUZZATI;VIA MANIAGO30;20134;SI;SI;NO;NO;SI;SI;NON DEFINITO;-
202021;MITN03000E;151463713;MITN03000E;ARTEMISIA GENTILESCHI;ARTEMISIA GENTILESCHI;VIA NATTA11;20151;NO;SI;NO;NO;SI;NO;NO;MM LAMPUGNANO
202021;MIEE81902G;151460009;MIEE81902G;IC I.CALVINO;MI/S.UGUZZONE AGGR.SMS CALVINO;VIA SANT'UGUZZONE10;20126;NO;SI;NO;NO;NO;NO;NON DEFINITO;-
202021;MIEE8DD017;151462869;MIEE8DD017;I.C. VIA GIACOSA 46/MILANO;VIA GIACOSA - MILANO;VIA GIACOSA 46;20127;NO;NO;NO;NO;NO;NO;NON DEFINITO;-
202021;MIIC8B8007;151460410;MIIC8B8007;IC TOMMASO GROSSI/MILANO;IC TOMMASO GROSSI/MILANO;VIA MONTE VELINO 2/4;20137;NO;SI;NO;NO;NO;SI;NON DEFINITO;-
202021;MIIC8CH00T;151460363;MIIC8CH00T;IC CONFALONIERI/MILANO;IC CONFALONIERI/MILANO;VIA DAL VERME 10;20159;SI;NO;NO;SI;SI;NO;NON DEFINITO;-
202021;MIIS03600A;151461597;MIIS03600A;"""VILFREDO FEDERICO PARETO""";"""VILFREDO FEDERICO PARETO""";VIA LITTA MODIGNANI 55;20161;NO;SI;NO;NO;SI;NO;NON DEFINITO;-
202021;MIRI01701L;151461110;MIRI01701L;I.I.S. JAMES CLERK MAXWELL;SETTEMBRINI;VIA NARNI 18;20132;SI;SI;SI;NO;SI;SI;NO;-
202021;MITD04301Q;151461599;MITD04301Q;IS F.BESTA;F.BESTA;VIA DON G.CALABRIA16;20132;NO;SI;SI;NO;SI;NO;NO;-
202021;MIEE8DD017;151462866;MIEE8DD017;I.C. VIA GIACOSA 46/MILANO;VIA GIACOSA - MILANO;VIA GIACOSA 46;20127;NO;NO;NO;NO;NO;NO;NON DEFINITO;-
202021;MITL00401G;151461576;MITL00401G;CARLO CATTANEO;"I.T. S. PER GEOM. ""C. CATTANEO""";PIAZZA DELLA VETRA 9;20123;NO;SI;SI;SI;SI;NO;NON DEFINITO;-
202021;MIIS082004;151461633;MIIS082004;GIORGI;GIORGI;VIALE LIGURIA19;20143;NO;SI;NO;NO;NO;SI;NO;-
202021;MIIC8B9003;151462915;MIIC8B9003;IC E.MOROSINI E B.SAVOIA/MILANO;IC E.MOROSINI E B.SAVOIA/MILANO;VIA MOROSINI11/13;20135;NO;SI;NO;NO;SI;NO;NON DEFINITO;A PIEDI
202021;MIMM8B4011;151461126;MIMM8B4011;IC LUIGI GALVANI/MILANO;S.M.S. S.GREGORIO - FARA;VIA SAN GREGORIO 5 - VIA FARA 32;20124;NO;NO;NO;NO;NO;NO;NON DEFINITO;-
202021;MIMM8D201E;151460387;MIMM8D201E;IC VIA CONSOLE MARCELLO/MILANO;COLOMBO;VIA PIZZIGONI 9;20156;SI;SI;SI;SI;SI;SI;NON DEFINITO;-
202021;MIMM8D101P;151463348;MIMM8D101P;IC RINNOVATA PIZZIGONI/MILANO;PUECHER;VIA CASTELLINO DA CASTELLO 9;20155;NO;NO;NO;NO;NO;NO;NON DEFINITO;-
202021;MITF290008;151462357;MITF290008;ETTORE CONTI;ETTORE CONTI;VIA A. DE VINCENTI 11;20148;NO;SI;NO;NO;SI;NO;NON DEFINITO;-
202021;MIEE8DD017;151462867;MIEE8DD017;I.C. VIA GIACOSA 46/MILANO;VIA GIACOSA - MILANO;VIA GIACOSA 46;20127;NO;SI;NO;NO;NO;NO;NON DEFINITO;-
202021;MIIC8B600G;151460443;MIIC8B600G;IC A.STOPPANI/MILANO;IC A.STOPPANI/MILANO;VIA STOPPANI 1;20129;NO;SI;SI;SI;SI;SI;NON DEFINITO;-
202021;MIEE8FP021;151460365;MIEE8FP021;I.C. ERMANNO OLMI;VIA BODIO;VIA BODIO 22;20158;SI;SI;NO;NO;SI;SI;NON DEFINITO;-
202021;MIIC8DD005;151462866;MIIC8DD005;I.C. VIA GIACOSA 46/MILANO;I.C. VIA GIACOSA 46/MILANO;VIA GIACOSA 46;20127;NO;NO;NO;NO;NO;NO;NON DEFINITO;-
202021;MIEE8FP01X;151460364;MIEE8FP01X;I.C. ERMANNO OLMI;VIA GUICCIARDI - MILANO;VIA GUICCIARDI;20158;SI;SI;NO;NO;SI;SI;NON DEFINITO;-
202021;MIMM8B4011;151463275;MIMM8B4011;IC LUIGI GALVANI/MILANO;S.M.S. S.GREGORIO - FARA;VIA SAN GREGORIO 5 - VIA FARA 32;20124;NO;SI;SI;SI;SI;NO;NON DEFINITO;-
202021;MIMM8D301A;151461054;MIMM8D301A;I.C. A. SCARPA MILANO;B. CAIROLI;VIA PASCAL 35;20133;SI;SI;NO;NO;NO;SI;NON DEFINITO;-
202021;MIIS05700B;151461583;MIIS05700B;NICOLA MORESCHI;NICOLA MORESCHI;VIALE SAN MICHELE DEL CARSO 25;20144;NO;SI;NO;NO;SI;NO;NON DEFINITO;-
202021;MIIC8B700B;151460439;MIIC8B700B;IC PISACANE E POERIO/MILANO;IC PISACANE E POERIO/MILANO;VIA PISACANE 9;20129;NO;SI;SI;NO;SI;NO;NON DEFINITO;-
202021;MIAA8DY019;151461112;MIAA8DY019;IC S.AMBROGIO/MILANO;VIA DE PRETIS;VIA DE PRETIS 15;20142;NO;NO;NO;NO;NO;NO;NON DEFINITO;-
202021;MIIC8DA00N;151460452;MIIC8DA00N;LEONE TOLSTOJ;LEONE TOLSTOJ;VIA ZUARA 7;20146;SI;SI;SI;NO;SI;SI;NON DEFINITO;-
202021;MIMM8C501B;151461089;MIMM8C501B;IC S.GIUSEPPE CALASANZIO/MILANO;NEGRI;PIAZZA AXUM 5;20148;NO;NO;NO;NO;NO;NO;NON DEFINITO;-
202021;MIMM8AN01E;151463422;MIMM8AN01E;IC M.TERESA DI CALCUTTA/MILANO;MEDA FERRARIN;VIA MONDOLFO 7;20138;NO;NO;NO;NO;NO;NO;NON DEFINITO;-
202021;MIMM8CZ01G;151463277;MIMM8CZ01G;IC NARCISI/MILANO;VIA ANEMONI 10;VIA ANEMONI 10;20147;NO;NO;NO;NO;NO;NO;NON DEFINITO;-
202021;MIIC8FP00T;151462990;MIIC8FP00T;I.C. ERMANNO OLMI;I.C. ERMANNO OLMI;VIA MAFFUCCI 60;20158;NO;SI;NO;SI;SI;SI;NON DEFINITO;-
202021;MIRH02000X;151461532;MIRH02000X;CARLO PORTA;CARLO PORTA;VIA URUGUAY 26/3;20151;SI;SI;SI;SI;SI;SI;NON DEFINITO;-
202021;MIAA8DG01D;151463003;MIAA8DG01D;IC ARBE ZARA/MILANO;VIA F.GATTI;VIA F.GATTI 12;20162;NO;SI;NO;NO;NO;NO;NON DEFINITO;-
202021;MIIC8DX00L;151460434;MIIC8DX00L;IC CINQUE GIORNATE/MILANO;IC CINQUE GIORNATE/MILANO;VIA MUGELLO 5;20137;NO;SI;SI;SI;SI;NO;NON DEFINITO;-
202021;MIEE8FY01Q;151460400;MIEE8FY01Q;"I.C . ""NAZARIO SAURO""";"SCUOLA PRIMARIA ""NAZARIO SAURO""";VIA VESPRI SICILIANI 75;20146;NO;SI;NO;NO;SI;SI;NON DEFINITO;-
202021;MIMM8C6017;151463386;MIMM8C6017;"ICS ""ALDA MERINI""/MILANO";VIA GALLARATE 15;VIA GALLARATE 15;20151;NO;NO;NO;NO;NO;NO;NON DEFINITO;-
202021;MIMM8D001V;151463707;MIMM8D001V;IC IQBAL MASIH/MILANO;SMS IQBAL MASIH -;VIA BIANCA MILESI 4;20152;NO;NO;NO;NO;NO;NO;NON DEFINITO;-
202021;MIPS03601R;151461597;MIPS03601R;"""VILFREDO FEDERICO PARETO""";"""VILFREDO FEDERICO PARETO""";VIA LITTA MODIGNANI 55;20161;NO;SI;NO;NO;SI;NO;NON DEFINITO;-
202021;MITE01000V;151462113;MITE01000V;"""GIULIO NATTA""";"""GIULIO NATTA""";VIA DON GIOVANNI CALABRIA16;20132;NO;SI;SI;NO;SI;NO;NO;-
202021;MIEE81702X;151462938;MIEE81702X;IC TEODORO CIRESOLA/MILANO;T. CIRESOLA ( EX V. GAMBARA );V.LE BRIANZA 14;20127;NO;NO;NO;NO;NO;NO;NON DEFINITO;-
202021;MITE01000V;151461600;MITE01000V;"""GIULIO NATTA""";"""GIULIO NATTA""";VIA DON GIOVANNI CALABRIA16;20132;NO;SI;SI;NO;SI;NO;NO;-
202021;MIRH038016;151461645;MIRH038016;GIUSEPPE LUIGI LAGRANGE;"""G. BRERA """;VIA LITTA MODIGNANI 65;20161;NO;SI;NO;NO;SI;NO;NO;-
202021;MIMM8C401G;151461099;MIMM8C401G;IC L.CADORNA/MILANO;RICCI;VIA LOVERE 4;20148;NO;NO;NO;NO;NO;NO;NON DEFINITO;-
202021;MIIC8DY00C;151462734;MIIC8DY00C;IC S.AMBROGIO/MILANO;IC S.AMBROGIO/MILANO;VIA DE NICOLA N 40;20142;NO;SI;NO;NO;NO;NO;NON DEFINITO;-
202021;MIMM8CY01Q;151461079;MIMM8CY01Q;IC CAPPONI/MILANO;GRAMSCI + GEMELLI;VIA TOSI MALAGA 21;20143;NO;NO;NO;NO;NO;NO;NON DEFINITO;-
202021;MIMM8DR019;151463271;MIMM8DR019;IC PASQUALE SOTTOCORNO/MILANO;MEREZZATE;VIA MEDICI DEL VASCELLO 42;20138;SI;SI;SI;SI;SI;SI;NON DEFINITO;-
202021;MIPS03601R;151461595;MIPS03601R;"""VILFREDO FEDERICO PARETO""";"""VILFREDO FEDERICO PARETO""";VIA LITTA MODIGNANI 55;20161;NO;SI;NO;NO;SI;NO;NO;-
202021;MIIC8B400X;151460366;MIIC8B400X;IC LUIGI GALVANI/MILANO;IC LUIGI GALVANI/MILANO;VIA GALVANI 7;20124;NO;SI;SI;SI;SI;NO;NON DEFINITO;-
202021;MIAA8DD012;151461100;MIAA8DD012;I.C. VIA GIACOSA 46/MILANO;SCUOLA DELL'INFANZIA DI VIA GIACOSA;VIA GIACOSA 46;20127;NO;NO;NO;NO;NO;NO;NON DEFINITO;-
202021;MIIC8DV001;151462673;MIIC8DV001;IC FRANCESCHI/MILANO;IC FRANCESCHI/MILANO;VIA CAGLIERO N. 20;20125;NO;NO;NO;NO;NO;NO;NON DEFINITO;-
202021;MIEE8FZ01G;151460396;MIEE8FZ01G;I.C.S. UMBERTO ECO;A.S.NOVARO E C.C.FERRUCCI-MILAN;PIAZZA SICILIA 2;20146;NO;SI;NO;NO;SI;SI;NON DEFINITO;-
202021;MIMM8C501B;151461037;MIMM8C501B;IC S.GIUSEPPE CALASANZIO/MILANO;NEGRI;PIAZZA AXUM 5;20148;NO;NO;NO;NO;NO;NO;NON DEFINITO;-
202021;MIEE8FX01X;151460380;MIEE8FX01X;I.C. VIA MOISE' LORIA;G.OBERDAN E C.A.PORZI;VIA BERGOGNONE 2 /4;20144;NO;SI;NO;NO;NO;NO;NON DEFINITO;-
202021;MIMM8CY01Q;151461080;MIMM8CY01Q;IC CAPPONI/MILANO;GRAMSCI + GEMELLI;VIA TOSI MALAGA 21;20143;NO;NO;NO;NO;NO;NO;NON DEFINITO;-
202021;MIEE809021;151462000;MIEE809021;"IC ""E. MORANTE""/MILANO";MI/BOGNETTI AGGR. SMS HEINE;VIA BOGNETTI N.15;20141;NO;NO;NO;NO;NO;NO;NON DEFINITO;-
202021;MIEE8DZ03C;151461013;MIEE8DZ03C;"IC.""ILARIA ALPI""MILANO";G.CASATI;VIA S.COLOMBANO 8;20142;NO;NO;NO;NO;NO;NO;NON DEFINITO;-
202021;MIEE815028;151460399;MIEE815028;"IC ""CARDARELLI MASSAUA""-MILANO";VIA SCROSATI - MILANO;VIA SCROSATI 3;20146;NO;SI;NO;NO;SI;SI;NON DEFINITO;-
202021;MIRH010009;151461600;MIRH010009;A. VESPUCCI;A. VESPUCCI;VIA VALVASSORI PERONI8;20133;NO;SI;SI;NO;SI;NO;NO;-
202021;MIMM8DQ01D;151461108;MIMM8DQ01D;I.C. LOCATELLI-QUASIMODO;QUASIMODO/TOMMASEO;VIA DELLA GIUSTIZIA 6;20125;NO;SI;NO;NO;SI;NO;NON DEFINITO;-
202021;MIMM8DZ019;151462630;MIMM8DZ019;"IC.""ILARIA ALPI""MILANO";VIA SALERNO;VIA SALERNO 1;20142;NO;NO;NO;NO;NO;NO;NON DEFINITO;-
202021;MIAA8DF02P;151460339;MIAA8DF02P;IC SANDRO PERTINI/MILANO;V.LE SUZZANI;V.LE SUZZANI 240;20162;NO;SI;SI;NO;SI;SI;NON DEFINITO;-
202021;MIIC8DW00R;151461051;MIIC8DW00R;I.C. VIA DE ANDREIS /MILANO;I.C. VIA DE ANDREIS /MILANO;VIA DE ANDREIS 10;20137;SI;SI;SI;NO;NO;SI;NON DEFINITO;-
202021;MIMM8C1014;151463285;MIMM8C1014;IC G. BORSI/MILANO;VIA OJETTI 13;VIA OJETTI 13;20151;NO;NO;NO;NO;NO;NO;NON DEFINITO;-
202021;MIEE8FX021;151460381;MIEE8FX021;I.C. VIA MOISE' LORIA;VIA FOPPETTE;VIA FOPPETTE 1;20144;NO;SI;NO;NO;NO;NO;NON DEFINITO;-
202021;MIMM8FW013;151462658;MIMM8FW013;I.C. VIA ARCADIA - MILANO;ARCADIA;VIA DELL'ARCADIA 24;20142;SI;SI;NO;NO;SI;SI;NON DEFINITO;-
202021;MIPS03601R;151461596;MIPS03601R;"""VILFREDO FEDERICO PARETO""";"""VILFREDO FEDERICO PARETO""";VIA LITTA MODIGNANI 55;20161;NO;SI;NO;NO;SI;NO;NON DEFINITO;-
202021;MIEE8DZ05E;151461013;MIEE8DZ05E;"IC.""ILARIA ALPI""MILANO";PLESSO MONTESSORI;VIA SAN COLOMBANO 8;20142;NO;NO;NO;NO;NO;NO;NON DEFINITO;-
202021;MIEE8CX022;151460420;MIEE8CX022;IC FABIO FILZI/MILANO;ERMANNO WOLF FERRARI;VIA WOLF FERRARI 6;20141;SI;SI;NO;NO;NO;NO;NON DEFINITO;-
202021;MIEE81701V;151461043;MIEE81701V;IC TEODORO CIRESOLA/MILANO;T. CIRESOLA (EX VENINI);VIA VENINI 78/80;20127;NO;NO;NO;NO;NO;NO;NON DEFINITO;-
202021;MIMM8DQ01D;151461132;MIMM8DQ01D;I.C. LOCATELLI-QUASIMODO;QUASIMODO/TOMMASEO;VIA DELLA GIUSTIZIA 6;20125;NO;SI;NO;NO;SI;NO;NON DEFINITO;-
202021;MIEE30201R;151463331;MIEE30201R;E.SETTI CARRARO DALLA CHIESA/MI;SETTI CARRARO DALLA CHIESA - MI;VIA PASSIONE 12;20122;NO;SI;NO;NO;SI;NO;NO;-
202021;MIEE8DZ01A;151460465;MIEE8DZ01A;"IC.""ILARIA ALPI""MILANO";"""SANDRO PERTINI""";VIA SALERNO 3;20142;NO;NO;NO;NO;NO;NO;NON DEFINITO;-
202021;MIIC8C0007;151460449;MIIC8C0007;IC LUIGI EINAUDI /MILANO;IC LUIGI EINAUDI /MILANO;VIA VAL D'INTELVI 11;20152;NO;SI;NO;NO;SI;NO;NON DEFINITO;-
202021;MIIC8DS00D;151460378;MIIC8DS00D;IC PRIMO LEVI/MILANO;IC PRIMO LEVI/MILANO;VIA PISTOIA 30;20153;NO;SI;NO;NO;SI;NO;NON DEFINITO;-
202021;MIMM8C301Q;151461122;MIMM8C301Q;IC RICCARDO MASSA/MILANO;VIA QUARENGHI 14;VIA QUARENGHI 14;20151;NO;NO;NO;NO;NO;NO;NON DEFINITO;-
202021;MIIC8DG00L;151460375;MIIC8DG00L;IC ARBE ZARA/MILANO;IC ARBE ZARA/MILANO;VIALE ZARA 96;20125;NO;SI;SI;NO;SI;NO;NON DEFINITO;-
202021;MIMM8FW013;151462680;MIMM8FW013;I.C. VIA ARCADIA - MILANO;ARCADIA;VIA DELL'ARCADIA 24;20142;SI;SI;NO;NO;SI;SI;NON DEFINITO;-
202021;MIEE8CY01R;151460416;MIEE8CY01R;IC CAPPONI/MILANO;SCUOLA PRIMARIA GINO CAPPONI;VIA PESTALOZZI 13;20143;NO;NO;NO;NO;NO;NO;NON DEFINITO;-
202021;MIPS03000R;151461451;MIPS03000R;LEONARDO DA VINCI;LEONARDO DA VINCI;VIA OTTORINO RESPIGHI5;20122;NO;SI;NO;NO;SI;NO;NO;-
202021;MIEE80901X;151460421;MIEE80901X;"IC ""E. MORANTE""/MILANO";ANTONINI AGGR. SMS HEINE-MILANO;VIA ANTONINI 50;20141;NO;SI;SI;NO;SI;NO;NON DEFINITO;-
202021;MIEE8DZ02B;151461012;MIEE8DZ02B;"IC.""ILARIA ALPI""MILANO";TRE CASTELLI;VIA BALSAMO CRIVELLI 3;20142;NO;NO;NO;NO;NO;NO;NON DEFINITO;-
202021;MIEE81401B;151460401;MIEE81401B;IC CAVALIERI/MILANO;ARIBERTO AGGR. SMS CAVALIERI-MI;VIA ARIBERTO INTIMIANO 14;20123;NO;SI;SI;NO;SI;NO;NON DEFINITO;-
202021;MIIC8DU005;151461069;MIIC8DU005;IC R.PEZZANI/MILANO;IC R.PEZZANI/MILANO;VIA MARTINENGO 34/6;20139;SI;NO;NO;NO;SI;SI;NON DEFINITO;-
202021;MIIC8DG00L;151463087;MIIC8DG00L;IC ARBE ZARA/MILANO;IC ARBE ZARA/MILANO;VIALE ZARA 96;20125;NO;NO;NO;NO;NO;NO;NON DEFINITO;-
202021;MIAA8GH015;151461008;MIAA8GH015;G.B. PERASSO - MILANO;INFANZIA - VIA BOTTEGO;VIA BOTTEGO 4;20132;SI;SI;NO;NO;SI;SI;NON DEFINITO;-
202021;MIEE8CW015;151460428;MIEE8CW015;IC Q.DI VONA-TITO SPERI/MILANO;TITO SPERI - MILANO;VIA PORPORA 11;20131;NO;NO;NO;NO;NO;NO;NON DEFINITO;-
202021;MIEE8FW036;151462647;MIEE8FW036;I.C. VIA ARCADIA - MILANO;VIA FERABOLI;VIA FERABOLI 44;20142;NO;NO;NO;NO;NO;NO;NON DEFINITO;-
202021;MIRC05851G;151461497;MIRC05851G;PAOLO FRISI;FRISI;VIA OTRANTO - CITTADINI1;20157;NO;SI;SI;SI;SI;SI;NO;-
202021;MIEE815017;151460451;MIEE815017;"IC ""CARDARELLI MASSAUA""-MILANO";MI-MASSAUA AGGR. SMS CARDARELLI;VIA MASSAUA 5;20146;SI;SI;NO;NO;SI;SI;NON DEFINITO;-
202021;MIMM8FT01G;151462002;MIMM8FT01G;I.C. P.ZA L.DA VINCI/MILANO;TIEPOLO;PIAZZA ASCOLI 2;20129;NO;NO;NO;NO;NO;NO;NON DEFINITO;-
202021;MIMM023005;151460999;MIMM023005;CONVITTO NAZ. LONGONE - S.M.;CONVITTO NAZ. LONGONE - S.M.;VIA OLIVETANI 9;20123;NO;NO;NO;NO;NO;NO;NON DEFINITO;-
202021;MIEE301033;151460402;MIEE301033;CONVITTO NAZ.LE LONGONE/ MILANO;F. CONFORTI E B. AVOGADRO;VIA VIGEVANO 19;20144;NO;NO;NO;NO;NO;NO;NON DEFINITO;-
202021;MIEE8DY02G;151462734;MIEE8DY02G;IC S.AMBROGIO/MILANO;SAN PAOLINO;VIA DE NICOLA 40;20142;NO;SI;NO;NO;NO;NO;NON DEFINITO;-
202021;MIEE8CX011;151462825;MIEE8CX011;IC FABIO FILZI/MILANO;FABIO FILZI - MILANO;VIA RAVENNA 15;20139;SI;SI;NO;NO;SI;SI;NON DEFINITO;-
202021;MIMM8FV017;151462657;MIMM8FV017;I.C VIA PALMIERI - MILANO;PERTINI;VIA BOIFAVA 52;20142;SI;SI;NO;NO;SI;SI;NON DEFINITO;-
202021;MIAA8FV013;151460010;MIAA8FV013;I.C VIA PALMIERI - MILANO;SCUOLA INFANZIA VIA CASSONI;VIA CASSONI 7;20141;NO;SI;SI;NO;SI;NO;NON DEFINITO;-
202021;MIEE8DD017;151462865;MIEE8DD017;I.C. VIA GIACOSA 46/MILANO;VIA GIACOSA - MILANO;VIA GIACOSA 46;20127;NO;SI;NO;NO;NO;NO;NON DEFINITO;-
202021;MIMM8FU01B;151463076;MIMM8FU01B;I.C. GUIDO GALLI;S.M.S. COVA;VIA G. COVA 5;Non Disponibile;NO;SI;SI;NO;NO;NO;NON DEFINITO;-
202021;MIIS02600Q;151461452;MIIS02600Q;CREMONA;CREMONA;V.LE MARCHE 71/73;20159;NO;SI;NO;NO;SI;NO;NO;-
202021;MIEE30200Q;151463331;MIEE30200Q;E.SETTI CARRARO DALLA CHIESA/MI;E.SETTI CARRARO DALLA CHIESA/MI;VIA PASSIONE 12;20122;NO;SI;NO;NO;SI;NO;NO;-
202021;MIEE8DY03L;151462732;MIEE8DY03L;IC S.AMBROGIO/MILANO;G.FERRARIS;VIA BARONA 70;20142;NO;NO;SI;NO;SI;NO;NON DEFINITO;-
202021;MIEE8CH021;151460371;MIEE8CH021;IC CONFALONIERI/MILANO;R.LAMBRUSCHINI;VIA CRESPI 1;20159;SI;NO;NO;NO;SI;NO;NON DEFINITO;-
202021;MISL03000N;151461407;MISL03000N;U.BOCCIONI;U.BOCCIONI;PIAZZALE ARDUINO N.4;20149;NO;SI;NO;NO;NO;NO;SI;-
202021;MIMM01900D;151463331;MIMM01900D;E. SETTI CARRARO DALLA CHIESA;E. SETTI CARRARO DALLA CHIESA;VIA PASSIONE 12;20122;NO;SI;NO;NO;SI;NO;NO;-
202021;MIIC8DR008;151463271;MIIC8DR008;IC PASQUALE SOTTOCORNO/MILANO;IC PASQUALE SOTTOCORNO/MILANO;VIA MONTE POPERA 12;20138;SI;SI;SI;SI;SI;SI;NON DEFINITO;-
202021;MIIC8DF00R;151461143;MIIC8DF00R;IC SANDRO PERTINI/MILANO;IC SANDRO PERTINI/MILANO;VIA THOMAS MANN 8;20162;NO;SI;SI;NO;SI;SI;NON DEFINITO;-
202021;MIEE8CV02A;151462861;MIEE8CV02A;IC PAOLO E LARISSA PINI/MILANO;F.CRISPI;VIA SANT'ERLEMBARDO 4;20126;NO;NO;NO;NO;NO;NO;NON DEFINITO;-
202021;MIPS05701T;151461583;MIPS05701T;NICOLA MORESCHI;N. MORESCHI;VIALE SAN MICHELE DEL CARSO 25;20144;NO;SI;NO;NO;SI;NO;NON DEFINITO;-
202021;MIRC05851G;151460101;MIRC05851G;PAOLO FRISI;FRISI;VIA OTRANTO - CITTADINI1;20157;NO;SI;NO;NO;SI;SI;NO;-
202021;MITF290008;151461628;MITF290008;ETTORE CONTI;ETTORE CONTI;VIA A. DE VINCENTI 11;20148;SI;SI;SI;NO;SI;SI;NON DEFINITO;-
202021;MIPS09901X;151461586;MIPS09901X;SCHIAPARELLI-GRAMSCI;SCHIAPARELLI;VIA SETTEMBRINI 4;20124;NO;SI;NO;NO;NO;NO;NON DEFINITO;-
202021;MIIS00400V;151461576;MIIS00400V;CARLO CATTANEO;CARLO CATTANEO;PIAZZA DELLA VETRA 9;20123;NO;SI;SI;SI;SI;NO;NON DEFINITO;-
202021;MIEE8CV03E;151463416;MIEE8CV03E;IC PAOLO E LARISSA PINI/MILANO;MARTIRI DI GORLA;VIA CESALPINO 38;20128;NO;SI;NO;NO;SI;NO;NON DEFINITO;-
202021;MIRC05851G;151460105;MIRC05851G;PAOLO FRISI;FRISI;VIA OTRANTO - CITTADINI1;20157;NO;SI;NO;SI;SI;NO;NO;-
202021;MIPS05801N;151460101;MIPS05801N;PAOLO FRISI;PAOLO FRISI;VIA CARLO AMORETTI 63;20157;NO;SI;NO;NO;SI;SI;NO;-
202021;MIEE301011;151460999;MIEE301011;CONVITTO NAZ.LE LONGONE/ MILANO;CONVITTO NAZ. LONGONE - MILANO;VIA DEGLI OLIVETANI 9;20123;NO;NO;NO;NO;NO;NO;NON DEFINITO;-
202021;MIMM8FS01Q;151462222;MIMM8FS01Q;I.C. VIA DELLA COMMENDA /MILANO;MAJNO;VIA COMMENDA 22 A;20122;NO;NO;NO;NO;NO;NO;NON DEFINITO;-
202021;MISL030503;151460005;MISL030503;U.BOCCIONI;"L.A. ""BOCCIONI""";P.LE ARDUINO 4;20149;NO;SI;NO;NO;SI;NO;NO;-
202021;MIMM023005;151460402;MIMM023005;CONVITTO NAZ. LONGONE - S.M.;CONVITTO NAZ. LONGONE - S.M.;VIA OLIVETANI 9;20123;NO;NO;NO;NO;NO;NO;NON DEFINITO;-
202021;MIIS02200C;151461647;MIIS02200C;SALVADOR ALLENDE;SALVADOR ALLENDE;VIA U. DINI7;20141;SI;SI;SI;NO;NO;NO;NO;-
202021;MIEE8CG014;151461002;MIEE8CG014;IC VIA SCIALOIA/MILANO;VIA SCIALOIA - MILANO;VIA SCIALOIA 19;20161;NO;SI;NO;NO;SI;NO;NON DEFINITO;-
202021;MISL03000N;151461405;MISL03000N;U.BOCCIONI;U.BOCCIONI;PIAZZALE ARDUINO N.4;20149;NO;SI;NO;NO;NO;NO;SI;-
202021;MIAA80901P;151460007;MIAA80901P;"IC ""E. MORANTE""/MILANO";VIA SOLAROLI;VIA SOLAROLI N. 9;20141;NO;SI;SI;NO;SI;NO;NON DEFINITO;-
202021;MIEE8DD017;151462864;MIEE8DD017;I.C. VIA GIACOSA 46/MILANO;VIA GIACOSA - MILANO;VIA GIACOSA 46;20127;NO;SI;NO;NO;NO;NO;NON DEFINITO;-
202021;MIPS05101V;151461647;MIPS05101V;CLAUDIO VARALLI;"""CLAUDIO VARALLI""";VIA ULISSE DINI 7;20142;SI;SI;SI;NO;NO;NO;NO;-
202021;MIIS023008;151463713;MIIS023008;IST.ISTR.SUP.G.CARDANO;IST.ISTR.SUP.G.CARDANO;VIA GIULIO NATTA11;20151;NO;SI;NO;NO;SI;NO;NO;MM LAMPUGNANO
202021;MIPS03601R;151461870;MIPS03601R;"""VILFREDO FEDERICO PARETO""";"""VILFREDO FEDERICO PARETO""";VIA LITTA MODIGNANI 55;20161;NO;SI;NO;NO;SI;NO;NON DEFINITO;-
202021;MIEE8CH01X;151460363;MIEE8CH01X;IC CONFALONIERI/MILANO;F.CONFALONIERI - MILANO;VIA DAL VERME 10;20159;SI;NO;NO;SI;SI;NO;NON DEFINITO;-
202021;MISL03000N;151461406;MISL03000N;U.BOCCIONI;U.BOCCIONI;PIAZZALE ARDUINO N.4;20149;NO;SI;NO;NO;SI;NO;SI;-
202021;MIAA8FV013;151461094;MIAA8FV013;I.C VIA PALMIERI - MILANO;SCUOLA INFANZIA VIA CASSONI;VIA CASSONI 7;20141;NO;NO;NO;NO;NO;NO;NON DEFINITO;-
202021;MIRC058016;151461497;MIRC058016;PAOLO FRISI;PAOLO FRISI;VIA OTRANTO 1;20157;NO;SI;SI;SI;SI;SI;NO;-
202021;MIPS05401A;151461634;MIPS05401A;GALVANI;GALVANI;VIA GATTI 14;20162;NO;SI;SI;NO;SI;NO;NO;-
202021;MITF290008;151460100;MITF290008;ETTORE CONTI;ETTORE CONTI;VIA A. DE VINCENTI 11;20148;SI;SI;NO;NO;SI;SI;NO;-
202021;MIPS039018;151461469;MIPS039018;BERTRAND RUSSELL;BERTRAND RUSSELL;VIA FRANCESCO GATTI 16;20162;NO;SI;NO;NO;SI;NO;NON DEFINITO;-
202021;MIRC058016;151460101;MIRC058016;PAOLO FRISI;PAOLO FRISI;VIA OTRANTO 1;20157;NO;SI;NO;NO;SI;SI;NO;-
202021;MISL020003;151462106;MISL020003;"LICEO ARTISTICO ""CARAVAGGIO""";"LICEO ARTISTICO ""CARAVAGGIO""";VIA PRINETTI 47;20127;NO;SI;NO;NO;NO;NO;NO;-
202021;MITF077015;151461632;MITF077015;G. GALILEI - R. LUXEMBURG;GALILEI;VIA PARAVIA 31;20148;NO;SI;NO;NO;SI;NO;NO;-
202021;MIMM8CX01X;151461115;MIMM8CX01X;IC FABIO FILZI/MILANO;TOSCANINI;VIA DEI GUARNERI 21;20141;NO;SI;NO;NO;SI;SI;NON DEFINITO;-
202021;MITD03601L;151461596;MITD03601L;"""VILFREDO FEDERICO PARETO""";"""VILFREDO FEDERICO PARETO""";VIA LITTA MODIGNANI 55;20161;NO;SI;NO;NO;SI;NO;NON DEFINITO;-
202021;MIAA8FY01E;151460006;MIAA8FY01E;"I.C . ""NAZARIO SAURO""";"SCUOLA DELL'INFANZIA ""SODERINI""";VIA SODERINI 41;20146;NO;SI;NO;NO;SI;SI;NON DEFINITO;-
202021;MIEE8B8019;151460410;MIEE8B8019;IC TOMMASO GROSSI/MILANO;TOMMASO GROSSI - MILANO;VIA MONTE VELINO 2 4;20137;NO;SI;NO;NO;NO;SI;NON DEFINITO;-
202021;MIRH010009;151461530;MIRH010009;A. VESPUCCI;A. VESPUCCI;VIA VALVASSORI PERONI8;20133;NO;SI;NO;NO;SI;SI;NO;STAZIONE LAMBRATE A 900 METRI
202021;MIEE8DA01Q;151460452;MIEE8DA01Q;LEONE TOLSTOJ;VIA ZUARA 9/MILANO;VIA ZUARA 9;20146;SI;SI;SI;NO;SI;SI;NON DEFINITO;-
202021;MITF07901R;151461521;MITF07901R;"I.I.S. ""CATERINA DA SIENA""";ITIS C. DA SIENA;VIALE LOMBARDIA 89;20131;NO;SI;NO;NO;SI;NO;NO;-
202021;MISL03000N;151460005;MISL03000N;U.BOCCIONI;U.BOCCIONI;PIAZZALE ARDUINO N.4;20149;NO;SI;NO;NO;SI;NO;NO;-
202021;MIIC8D3009;151460447;MIIC8D3009;I.C. A. SCARPA MILANO;I.C. A. SCARPA MILANO;VIA CLERICETTI 22;20133;SI;SI;NO;NO;SI;SI;NON DEFINITO;-
202021;MIIS101008;151461629;MIIS101008;TORRICELLI;TORRICELLI;VIA U. DINI 7;20142;NO;SI;NO;NO;SI;NO;NON DEFINITO;-
202021;MIRH010009;151461531;MIRH010009;A. VESPUCCI;A. VESPUCCI;VIA VALVASSORI PERONI8;20133;NO;SI;NO;NO;NO;NO;NON DEFINITO;-
202021;MIPS05101V;151461584;MIPS05101V;CLAUDIO VARALLI;"""CLAUDIO VARALLI""";VIA ULISSE DINI 7;20142;NO;SI;NO;NO;SI;NO;NO;-
202021;MIPS03601R;151461598;MIPS03601R;"""VILFREDO FEDERICO PARETO""";"""VILFREDO FEDERICO PARETO""";VIA LITTA MODIGNANI 55;20161;NO;SI;NO;NO;SI;NO;NON DEFINITO;-
202021;MITF19000B;151461642;MITF19000B;"I.T.S.O.S. ""ALBE STEINER""";"I.T.S.O.S. ""ALBE STEINER""";VIA S. DIONIGI 36;20139;NO;SI;NO;NO;SI;NO;NON DEFINITO;-
202021;MIRH010009;151460108;MIRH010009;A. VESPUCCI;A. VESPUCCI;VIA VALVASSORI PERONI8;20133;NO;SI;NO;NO;NO;NO;NON DEFINITO;-
202021;MIMM8CV018;151463416;MIMM8CV018;IC PAOLO E LARISSA PINI/MILANO;TREVISANI - SCAETTA;VIA CESALPINO 40;20128;NO;SI;NO;NO;SI;NO;NON DEFINITO;-
202021;MIIS102004;151461503;MIIS102004;DANIELE MARIGNONI - MARCO POLO;DANIELE MARIGNONI - MARCO POLO;VIA MELZI D'ERIL 9;20154;NO;SI;NO;NO;SI;NO;NO;-
202021;MIEE8B602P;151460444;MIEE8B602P;IC A.STOPPANI/MILANO;VIA MATTEUCCI 3;VIA MATTEUCCI 3;20129;NO;SI;SI;NO;SI;SI;NON DEFINITO;-
202021;MIAA82001D;151460011;MIAA82001D;IC BRUNO MUNARI/ MILANO;VIA DEI SALICI;VIA DEI SALICI 4;20152;NO;NO;NO;NO;NO;NO;NON DEFINITO;-
202021;MIMM8CW014;151463083;MIMM8CW014;IC Q.DI VONA-TITO SPERI/MILANO;QUINTINO DI VONA;VIA ANTONIO SACCHINI 34;20131;NO;SI;SI;NO;NO;NO;NON DEFINITO;-
202021;MIIC8D100N;151460361;MIIC8D100N;IC RINNOVATA PIZZIGONI/MILANO;IC RINNOVATA PIZZIGONI/MILANO;VIA C. DA CASTELLO 10;20155;NO;NO;NO;NO;NO;NO;NON DEFINITO;-
202021;MIIS101008;151460110;MIIS101008;TORRICELLI;TORRICELLI;VIA U. DINI 7;20142;SI;SI;NO;NO;SI;SI;NON DEFINITO;-
202021;MIMM8CS013;151461123;MIMM8CS013;IC DON ORIONE/MILANO;L. DA VINCI;VIA SAND 32;20161;NO;SI;NO;NO;SI;NO;NON DEFINITO;-
202021;MIMM8DF01T;151464009;MIMM8DF01T;IC SANDRO PERTINI/MILANO;VIA ASTURIE-VIA MANN;VIA THOMAS MANN 8;20162;NO;NO;NO;NO;NO;NO;NON DEFINITO;-
202021;MIEE8B701D;151460439;MIEE8B701D;IC PISACANE E POERIO/MILANO;PISACANE E POERIO - MILANO;VIA PISACANE 9;20129;NO;SI;SI;NO;SI;NO;NON DEFINITO;-
202021;MIRH010009;151460200;MIRH010009;A. VESPUCCI;A. VESPUCCI;VIA VALVASSORI PERONI8;20133;NO;SI;NO;NO;NO;NO;NO;FERMATA STAZIONE LAMBRATE 1,5KM
202021;MITD004015;151461576;MITD004015;CARLO CATTANEO;"IST.TEC.STAT.PER RAG.""CATTANEO""";PIAZZA DELLA VETRA 9;20123;NO;SI;SI;SI;SI;NO;NON DEFINITO;-
202021;MIRC300004;151461522;MIRC300004;KANDINSKY;KANDINSKY;VIA C. BARONI35;20142;NO;SI;SI;NO;SI;NO;NON DEFINITO;-
202021;MIAA82002E;151460012;MIAA82002E;IC BRUNO MUNARI/ MILANO;VIA MUGGIANO;VIA MUGGIANO;20152;NO;NO;NO;NO;NO;NO;NON DEFINITO;-
202021;MIIC8D200D;151461017;MIIC8D200D;IC VIA CONSOLE MARCELLO/MILANO;IC VIA CONSOLE MARCELLO/MILANO;VIA CONSOLE MARCELLO 9;20156;SI;SI;SI;SI;SI;SI;NON DEFINITO;-
202021;MIIS101008;151460111;MIIS101008;TORRICELLI;TORRICELLI;VIA U. DINI 7;20142;NO;SI;NO;NO;NO;NO;NON DEFINITO;-
202021;MIAA819019;151460008;MIAA819019;IC I.CALVINO;VIA RUCELLAI - MILANO;VIA RUCELLAI 19;20126;NO;SI;NO;NO;NO;NO;NON DEFINITO;-
202021;MIAA8C6013;151460004;MIAA8C6013;"ICS ""ALDA MERINI""/MILANO";INFANZIA-VIA SAPRI;VIA SAPRI 25;20151;NO;NO;NO;NO;NO;NO;NON DEFINITO;-
202021;MIMM8DG01N;151461142;MIMM8DG01N;IC ARBE ZARA/MILANO;VIALE SARCA -MILANO;VIALE SARCA 24;20126;NO;SI;SI;NO;SI;NO;NON DEFINITO;-
202021;MIMM8CT01V;151465010;MIMM8CT01V;IC VITTORIO LOCCHI/MILANO;CASSINIS;VIA HERMADA 18;20162;NO;SI;NO;NO;SI;NO;SI;-
202021;MIIC8DZ008;151462630;MIIC8DZ008;"IC.""ILARIA ALPI""MILANO";"IC.""ILARIA ALPI""MILANO";VIA SALERNO 1;20142;NO;NO;NO;NO;NO;NO;NON DEFINITO;-
202021;MIEE8D102R;151460362;MIEE8D102R;IC RINNOVATA PIZZIGONI/MILANO;DANTE ALIGHIERI;VIA MAC MAHON 100;20155;NO;SI;NO;SI;SI;NO;NON DEFINITO;-
202021;MIRC30050D;151461522;MIRC30050D;KANDINSKY;KANDINSKY;VIA C.BARONI 35;20142;NO;SI;SI;NO;SI;NO;NON DEFINITO;-
202021;MIEE8B601N;151460443;MIEE8B601N;IC A.STOPPANI/MILANO;VIA STOPPANI - MILANO;VIA STOPPANI 1;20129;NO;SI;SI;SI;SI;SI;NON DEFINITO;-
202021;MIMM8DD016;151461060;MIMM8DD016;I.C. VIA GIACOSA 46/MILANO;CASA DEL SOLE;VIA GIACOSA 46;20127;NO;SI;NO;NO;NO;NO;NON DEFINITO;-
